478200,2,23279411.27,23279416.75,122334166.8,91353474.33
478200,7,25359885.13,25359892.3,133267109.7,99517684.26
478200,8,22592419.6,22592425.07,118723971.9,88657532.1
478200,11,25094062.15,25094065.42,131870194.8,98474511.5
478200,25,26227974.68,26227981.97,137828944,102924247.2
478200,30,23927221.13,23927228.1,125738423.6,93895612.82
478200,36,27190406.52,27190416.18,142886565.9,106701052
478220,2,23281162.81,23281168.29,122343371.7,91360348.11
478220,7,25355771.67,25355778.93,133245493.5,99501542.29
478220,8,22599038.67,22599044.18,118758754.2,88683505.88
478220,11,25091009.46,25091012.73,131854150.2,98462530.23
478220,25,26236618.78,26236625.78,137874367.9,102958167.7
478220,30,23920476.45,23920483.41,125702979.7,93869144.98
478220,36,27180300.67,27180309.78,142833459.4,106661394.6
478240,2,23282932.2,23282937.68,122352669.5,91367291.28
478240,7,25351692.06,25351699.14,133224052.9,99485531.43
478240,8,22605688.02,22605693.52,118793697.1,88709599.6
478240,11,25087991.81,25087994.86,131838293.8,98450689.43
478240,25,26245266.79,26245273.86,137919815,102992105.4
478240,30,23913746.27,23913753.39,125667612.6,93842734.5
478240,36,27170207.49,27170216.2,142780421,106621788
478260,2,23284719.29,23284724.51,122362060.2,91374303.84
478260,7,25347645.3,25347652.55,133202788.3,99469652.02
478260,8,22612368.08,22612373.23,118828800.4,88735813.15
478260,11,25085010.6,25085013.35,131822626,98438989.42
478260,25,26253919.4,26253927.46,137965285.1,103026060.3
478260,30,23907031.04,23907037.63,125632322.4,93816381.47
478260,36,27160127.84,27160135.73,142727451.4,106582232.8
478280,2,23286523.85,23286529.11,122371543.4,91381385.45
478280,7,25343632.27,25343639.59,133181699.7,99453904.07
478280,8,22619078.31,22619083.59,118864063.7,88762146.08
478280,11,25082065.28,25082067.93,131807146.6,98427430.23
478280,25,26262576.49,26262584.22,138010777.8,103060032.2
478280,30,23900330.01,23900336.71,125597108.9,93790085.73
478280,36,27150061.24,27150069.62,142674551,106542729.3
478300,2,23288345.98,23288351.27,122381119,91388536.11
478300,7,25339652.93,25339660.01,133160787.7,99438287.93
478300,8,22625818.97,22625824.43,118899486.6,88788598.25
478300,11,25079154.89,25079158.16,131791856.4,98416012.18
478300,25,26271238.02,26271244.99,138056293.2,103094021
478300,30,23893643.86,23893650.37,125561972.4,93763847.4
478300,36,27140007.66,27140016.59,142621720.6,106503278
478320,2,23290185.7,23290190.99,122390786.9,91395755.62
478320,7,25335706.82,25335714.18,133140052.3,99422803.77
478320,8,22632589.98,22632595.5,118935068.8,88815169.35
478320,11,25076281.8,25076283.94,131776755.2,98404735.38
478320,25,26279903.31,26279910.58,138101831,103128026.4
478320,30,23886972.07,23886978.73,125526912.6,93737666.42
478320,36,27129968.04,27129976.73,142568960.8,106463879.5
478340,2,23292042.84,23292048.48,122400546.8,91403043.89
478340,7,25331794.94,25331802.13,133119494.1,99407451.86
478340,8,22639391.57,22639396.81,118970810,88841859.19
478340,11,25073443.8,25073446.16,131761843.6,98393600.13
478340,25,26288573.31,26288580.53,138147391.1,103162048.6
478340,30,23880315.11,23880321.58,125491929.7,93711542.85
478340,36,27119942.09,27119950.64,142516272.2,106424534.1
478360,2,23293917.63,23293923.13,122410398.5,91410400.68
478360,7,25327916.65,25327923.9,133099113.1,99392232.27
478360,8,22646222.86,22646228.36,119006709.6,88868667.35
478360,11,25070642.49,25070644.95,131747121.6,98382606.41
478360,25,26297247.34,26297254.82,138192973.2,103196087.1
478360,30,23873672.68,23873679.07,125457023.5,93685476.55
478360,36,27109929.25,27109938.15,142463655.4,106385242.4
478380,2,23295809.85,23295815.17,122420341.9,91417825.93
478380,7,25324071.95,25324079.16,133078909.7,99377145.32
478380,8,22653084.47,22653090.08,119042767.5,88895593.69
478380,11,25067876.69,25067879.37,131732589.5,98371754.57
478380,25,26305925.38,26305932.83,138238577.1,103230142
478380,30,23867044.89,23867051.39,125422194.2,93659467.65
478380,36,27099930.08,27099938.81,142411111.1,106346004.8
478400,2,23297719.31,23297724.7,122430376.9,91425319.61
478400,7,25320261.36,25320268.55,133058884.3,99362191.3
478400,8,22659976.17,22659981.76,119078983.4,88922638.02
478400,11,25065147.83,25065150.58,131718247.8,98361044.83
478400,25,26314607.62,26314614.77,138284203,103264213.3
478400,30,23860431.7,23860438.07,125387441.8,93633516.23
478400,36,27089945.34,27089954.15,142358640.1,106306821.9
478420,2,23299646.45,23299651.65,122440503.2,91432881.45
478420,7,25316484.4,25316491.74,133039037.1,99347370.31
478420,8,22666897.73,22666903.47,119115356.7,88949799.95
478420,11,25062454.37,25062458.19,131704096.4,98350477.3
478420,25,26323294.34,26323301.04,138329850.4,103298300.6
478420,30,23853833.23,23853839.73,125352766.3,93607622.16
478420,36,27079974.77,27079983.48,142306242.9,106267694.1
478440,2,23301590.7,23301596.07,122450720.7,91440511.42
478440,7,25312741.53,25312748.88,133019368.4,99332682.64
478440,8,22673849.09,22673854.94,119151887.4,88977079.31
478440,11,25059798.2,25059801.34,131690135.8,98340052.25
478440,25,26331984.56,26331991.67,138375519.3,103332404
478440,30,23847249.39,23847255.88,125318167.7,93581785.55
478440,36,27070017.98,27070026.4,142253920.1,106228621.9
478460,2,23303552.31,23303557.73,122461029,91448209.22
478460,7,25309032.84,25309039.86,132999878.2,99318128.31
478460,8,22680830.54,22680836.24,119188574.7,89004475.67
478460,11,25057177.95,25057181.38,131676366.1,98329769.66
478460,25,26340679.11,26340686.09,138421209.3,103366523.2
478460,30,23840679.9,23840686.65,125283645.8,93556006.22
478460,36,27060075.56,27060084.07,142201672.3,106189605.7
478480,2,23305531.19,23305536.59,122471428.3,91455974.87
478480,7,25305357.98,25305365.05,132980567.1,99303707.7
478480,8,22687841.95,22687847.48,119225418.5,89031988.9
478480,11,25054594.12,25054597.77,131662787.6,98319629.89
478480,25,26349377.71,26349385.36,138466920.5,103400658.2
478480,30,23834125.3,23834132.11,125249200.8,93530284.34
478480,36,27050147.27,27050156.03,142149500.2,106150646
478500,2,23307527.34,23307532.64,122481918,91463808.12
478500,7,25301717.52,25301724.43,132961435.3,99289420.91
478500,8,22694882.84,22694888.29,119262418.3,89059618.66
478500,11,25052046.7,25052050.13,131649400.4,98309633
478500,25,26358080.2,26358087.82,138512652.6,103434808.8
478500,30,23827585.41,23827592,125214832.6,93504619.79
478500,36,27040234,27040242.45,142097404.4,106111743.3
478520,2,23309540.6,23309546.07,122492498.1,91471708.86
478520,7,25298110.74,25298117.89,132942482.9,99275268.18
478520,8,22701953.23,22701958.68,119299573.8,89087364.66
478520,11,25049535.52,25049539.4,131636204.8,98299779.16
478520,25,26366786.68,26366794.54,138558405.4,103468974.8
478520,30,23821059.91,23821066.36,125180541.2,93479012.62
478520,36,27030334.72,27030343.15,142045385.4,106072898.1
478540,2,23311571.26,23311576.66,122503168.5,91479677.02
478540,7,25294538.53,25294545.62,132923710.3,99261249.71
478540,8,22709053.29,22709058.57,119336884.7,89115226.67
478540,11,25047060.77,25047065.2,131623201.1,98290068.62
478540,25,26375497.11,26375504.66,138604178.9,103503156.3
478540,30,23814548.93,23814555.47,125146326.7,93453462.84
478540,36,27020450.16,27020459.03,141993444.1,106034110.7
478560,2,23313618.95,23313624.28,122513928.9,91487712.42
478560,7,25291000.47,25291007.7,132905117.8,99247365.69
478560,8,22716182.63,22716188.09,119374350.5,89143204.38
478560,11,25044622.6,25044626.31,131610389.4,98280501.49
478560,25,26384211.08,26384218.42,138649972.8,103537353
478560,30,23808052.92,23808059.24,125112189,93427970.44
478560,36,27010581.67,27010589.9,141941580.9,105995381.8
478580,2,23315683.6,23315688.96,122524779.2,91495814.91
478580,7,25287496.79,25287503.9,132886705.6,99233616.31
478580,8,22723341.54,22723347.03,119411970.9,89171297.54
478580,11,25042220.65,25042224.94,131597769.9,98271077.92
478580,25,26392929.64,26392936.84,138695786.9,103571564.9
478580,30,23801571.12,23801577.66,125078128.1,93402535.36
478580,36,27000727.2,27000735.51,141889796.6,105956711.7
478600,2,23317765.41,23317770.59,122535719.2,91503984.35
478600,7,25284027.21,25284034.44,132868473.9,99220001.73
478600,8,22730529.75,22730535.28,119449745.5,89199505.81
478600,11,25039856.32,25039860.47,131585343,98261798.09
478600,25,26401651.36,26401658.96,138741621.2,103605791.8
478600,30,23795103.99,23795110.82,125044144,93377157.65
478600,36,26990888.22,26990896.55,141838091.7,105918100.9
478620,2,23319864.28,23319869.56,122546748.7,91512220.69
478620,7,25280592.23,25280599.45,132850423.1,99206522.26
478620,8,22737747.4,22737752.74,119487674,89227829.03
478620,11,25037528.12,25037531.75,131573108.8,98252662.24
478620,25,26410376.97,26410384.27,138787475.5,103640033.6
478620,30,23788651.67,23788658.58,125010236.8,93351837.36
478620,36,26981064,26981072.97,141786466.9,105879550
478640,2,23321980.2,23321985.39,122557867.7,91520523.83
478640,7,25277191.94,25277198.91,132832553.5,99193178.08
478640,8,22744994.31,22744999.62,119525756.1,89256266.94
478640,11,25035237.47,25035239.84,131561067.7,98243670.53
478640,25,26419106.76,26419114.38,138833349.7,103674290.3
478640,30,23782214.21,23782220.7,124976406.5,93326574.53
478640,36,26971255.7,26971264.18,141734923.1,105841059.5
478660,2,23324112.86,23324118.24,122569075.8,91528893.52
478660,7,25273825.99,25273833.01,132814865.2,99179969.29
478660,8,22752270.09,22752275.72,119563991.2,89284819.1
478660,11,25032982.95,25032986.04,131549219.7,98234823
478660,25,26427840.22,26427847.91,138879243.5,103708561.7
478660,30,23775790.86,23775797.82,124942653.1,93301369.04
478660,36,26961462.91,26961471.3,141683460.4,105802629.7
478680,2,23326262.62,23326268.04,122580373,91537329.74
478680,7,25270494.61,25270501.38,132797358.7,99166896.19
478680,8,22759575.19,22759580.66,119602379.1,89313485.39
478680,11,25030764.66,25030767.27,131537565.1,98226119.92
478680,25,26436577.32,26436584.23,138925157,103742847.7
478680,30,23769382.53,23769389.18,124908976.5,93276220.99
478680,36,26951685.34,26951694.3,141632079.9,105764261.1
478700,2,23328429.27,23328434.79,122591759,91545832.3
478700,7,25267197.73,25267204.78,132780033.9,99153958.9
478700,8,22766908.86,22766914.47,119640919.3,89342265.46
478700,11,25028583.49,25028586.54,131526104.1,98217561.43
478700,25,26445317.91,26445325.42,138971089.8,103777148.2
478700,30,23762988.74,23762995.22,124875376.8,93251130.32
478700,36,26941923.41,26941932.11,141580782,105725954.3
478720,2,23330613.06,23330618.36,122603233.8,91554401.17
478720,7,25263935.81,25263942.85,132762891.5,99141157.72
478720,8,22774271.96,22774277.48,119679611.7,89371159.11
478720,11,25026439.36,25026442.21,131514837.1,98209147.74
478720,25,26454062.32,26454068.88,139017042,103811463.1
478720,30,23756609.45,23756616.02,124841854.1,93226097.15
478720,36,26932178.27,26932185.9,141529567.6,105687709.8
478740,2,23332813.34,23332818.83,122614797.2,91563036.14
478740,7,25260708.4,25260715.51,132745931.4,99128492.71
478740,8,22781663.66,22781669.15,119718455.7,89400165.97
478740,11,25024332.56,25024335.12,131503764.1,98200878.95
478740,25,26462810.4,26462816.94,139063013.3,103845792.4
478740,30,23750244.83,23750251.62,124808408.3,93201121.37
478740,36,26922448.25,26922456.59,141478437,105649527.9
478760,2,23335030.66,23335036.16,122626448.7,91571736.95
478760,7,25257515.59,25257522.82,132729153.8,99115964
478760,8,22789084.41,22789089.88,119757450.7,89429285.64
478760,11,25022262.42,25022265.19,131492885.1,98192755.07
478760,25,26471561.93,26471569.66,139109003.5,103880135.6
478760,30,23743895.03,23743901.84,124775039.1,93176202.89
478760,36,26912733.73,26912742.43,141427390.9,105611409
478780,2,23337264.51,23337270.01,122638188.4,91580503.62
478780,7,25254357.78,25254364.95,132712559.1,99103571.85
478780,8,22796533.45,22796538.98,119796596.6,89458517.95
478780,11,25020229.12,25020231.88,131482200.6,98184776.39
478780,25,26480316.96,26480325.58,139155012.4,103914492.9
478780,30,23737559.7,23737566.73,124741746.9,93151341.82
478780,36,26903036.85,26903045.14,141376430,105573353.8
478800,2,23339515.26,23339520.77,122650016.3,91589336.18
478800,7,25251234.77,25251241.9,132696147.7,99091316.62
478800,8,22804011.31,22804016.9,119835893.2,89487862.79
478800,11,25018232.76,25018235.82,131471710.8,98176943.16
478800,25,26489075.91,26489083.34,139201040.3,103948864.4
478800,30,23731239.17,23731245.92,124708531.7,93126538.32
478800,36,26893355.75,26893363.55,141325555.1,105535362.8
478820,2,23341782.93,23341788.19,122661931.9,91598234.2
478820,7,25248146.65,25248153.9,132679919.6,99079198.21
478820,8,22811517.76,22811523.13,119875339.6,89517319.54
478820,11,25016274.05,25016276.36,131461415.7,98169255.36
478820,25,26497838.42,26497845.35,139247086.5,103983249.6
478820,30,23724933.06,23724939.94,124675393.3,93101792.12
478820,36,26883691.29,26883698.54,141274766.5,105497436.3
478840,2,23344067.02,23344072.33,122673935.2,91607197.66
478840,7,25245093.62,25245100.58,132663875.1,99067216.9
478840,8,22819052.7,22819058.16,119914935.8,89546888.07
478840,11,25014351.31,25014355.01,131451315.7,98161713.11
478840,25,26506603.9,26506611.45,139293151.1,104017648.4
478840,30,23718641.55,23718648.4,124642331.8,93077103.3
478840,36,26874042.35,26874050.42,141224065,105459574.8
478860,2,23346367.76,23346373.13,122686025.8,91616226.36
478860,7,25242075.28,25242082.31,132648014.3,99055372.78
478860,8,22826615.92,22826621.5,119954681,89576567.97
478860,11,25012466.9,25012470.41,131441410.7,98154316.56
478860,25,26515373.22,26515380.67,139339233.9,104052060.9
478860,30,23712364.65,23712371.56,124609346.9,93052471.79
478860,36,26864411.02,26864419.31,141173451,105421778.6
478880,2,23348685.09,23348690.41,122698203.8,91625320.31
478880,7,25239092.25,25239099.27,132632337.6,99043666.18
478880,8,22834207.48,22834213.24,119994575.3,89606359.11
478880,11,25010619.47,25010623.21,131431701.1,98147065.91
478880,25,26524146.26,26524154.1,139385334.8,104086486.9
478880,30,23706102.82,23706109.31,124576439.1,93027897.74
478880,36,26854796.36,26854805.09,141122925.5,105384048.5
478900,2,23351019.04,23351024.18,122710468.9,91634479.37
478900,7,25236144.02,25236151.15,132616845.3,99032097.25
478900,8,22841827.45,22841832.98,120034618,89636261.13
478900,11,25008808.58,25008812.22,131422187,98139961.31
478900,25,26532922.22,26532929.46,139431453.7,104120926.3
478900,30,23699855.34,23699861.7,124543608.1,93003381.12
478900,36,26845198.31,26845207.62,141072489,105346384.9
478920,2,23353369.75,23353374.77,122722820.9,91643703.27
478920,7,25233230.71,25233238.29,132601537.4,99020666
478920,8,22849475.59,22849481.03,120074808.7,89666273.65
478920,11,25007035.07,25007038.54,131412868.6,98133002.77
478920,25,26541702.01,26541708.98,139477590.3,104155379
478920,30,23693622.09,23693628.56,124510853.9,92978921.8
478920,36,26835618.06,26835626.85,141022141.9,105308788.1
478940,2,23355736.74,23355741.92,122735259.7,91652991.95
478940,7,25230353.21,25230360.34,132586414.1,99009372.71
478940,8,22857151.6,22857157.44,120115147,89696396.42
478940,11,25005299.59,25005302.89,131403746,98126190.51
478940,25,26550484.63,26550492.74,139523744.6,104189844.8
478940,30,23687403.92,23687410.37,124478176.5,92954519.85
478940,36,26826054.43,26826062.74,140971885.1,105271258.6
478960,2,23358120.08,23358125.51,122747784.9,91662345.23
478960,7,25227510.5,25227517.65,132571475.8,98998217.45
478960,8,22864855.7,22864861.38,120155632.4,89726629.06
478960,11,25003600.96,25003604,131394819.4,98119524.51
478960,25,26559270.84,26559278.72,139569916.3,104224323.6
478960,30,23681200.13,23681206.82,124445575.8,92930175.19
478960,36,26816508.31,26816516.66,140921718.9,105233796.8
478980,2,23360520.01,23360525.43,122760396.4,91671762.91
478980,7,25224702.9,25224710.09,132556722.5,98987200.33
478980,8,22872587.69,22872593.59,120196264.6,89756971.22
478980,11,25001939.07,25001942.58,131386088.8,98113004.92
478980,25,26568060.4,26568067.63,139616105.1,104258815.3
478980,30,23675011.01,23675017.66,124413051.7,92905887.76
478980,36,26806979.27,26806988.1,140871644.1,105196403.2
479000,2,23362936.34,23362941.72,122773094.3,91681245.07
479000,7,25221930.73,25221937.94,132542154.6,98976321.73
479000,8,22880347.54,22880353.59,120237043.2,89787422.79
479000,11,25000315.53,25000318.65,131377554.6,98106632.01
479000,25,26576852.7,26576860.02,139662311.3,104293319.9
479000,30,23668836.66,23668843.26,124380604.6,92881657.76
479000,36,26797467.59,26797476.29,140821661.3,105159078.5
479020,2,23365369.02,23365374.42,122785878.3,91690791.59
479020,7,25219194.07,25219201.18,132527772.4,98965581.8
479020,8,22888135.38,22888141.21,120277968,89817983.5
479020,11,24998729.4,24998731.82,131369217.1,98100405.94
479020,25,26585648.87,26585655.66,139708534.7,104327837.4
479020,30,23662676.65,23662683.3,124348234.4,92857485.22
479020,36,26787974.02,26787983.11,140771771.4,105121823
479040,2,23367818.05,23367823.44,122798748.1,91700402.17
479040,7,25216492.4,25216499.7,132513576,98954980.56
479040,8,22895950.84,22895956.59,120319038.3,89848652.84
479040,11,24997180.22,24997182.43,131361076.1,98094326.65
479040,25,26594448.31,26594455.6,139754774.9,104362367.4
479040,30,23656531.56,23656537.97,124315940.9,92833369.94
479040,36,26778498.33,26778507.2,140721974.7,105084637.1
479060,2,23370283.29,23370288.81,122811703.7,91710076.8
479060,7,25213826.42,25213833.63,132499565.6,98944518.25
479060,8,22903794.09,22903799.58,120360253.7,89879430.62
479060,11,24995667.98,24995670.75,131353131.9,98088394.35
479060,25,26603250.87,26603258.59,139801032,104396910
479060,30,23650400.84,23650407.34,124283724.1,92809312.03
479060,36,26769039.88,26769049.14,140672271.9,105047521.4
479080,2,23372765.13,23372770.36,122824745,91719815.4
479080,7,25211195.59,25211203,132485741.5,98934195.07
479080,8,22911664.56,22911670.15,120401614.1,89910316.56
479080,11,24994194.01,24994197.12,131345384.9,98082609.25
479080,25,26612056.66,26612063.56,139847305.8,104431465.1
479080,30,23644284.81,23644291.25,124251584.3,92785311.53
479080,36,26759599.47,26759609.02,140622663.8,105010476.3
479100,2,23375263.13,23375268.31,122837871.8,91729617.89
479100,7,25208600.73,25208607.79,132472104,98924011.24
479100,8,22919562.73,22919568.23,120443118.9,89941310.43
479100,11,24992757.18,24992760.25,131337835.2,98076971.5
479100,25,26620865.36,26620872.14,139893596.3,104466032.7
479100,30,23638183.59,23638189.87,124219521.5,92761368.49
479100,36,26750177.76,26750187,140573151,104973502.5
479120,2,23377777.07,23377782.4,122851083.7,91739483.96
479120,7,25206041.01,25206048.04,132458653.1,98913966.74
479120,8,22927488.16,22927493.66,120484767.6,89972411.75
479120,11,24991357.9,24991360.99,131330482.5,98071480.92
479120,25,26629677.04,26629683.81,139939903.2,104500612.5
479120,30,23632096.67,23632103.1,124187535.3,92737482.72
479120,36,26740774.56,26740783.73,140523733.9,104936600.2
479140,2,23380307.34,23380312.7,122864380.4,91749413.31
479140,7,25203517.13,25203523.74,132445388.7,98904061.53
479140,8,22935440.79,22935446.59,120526559.5,90003619.98
479140,11,24989995.71,24989999.17,131323327.1,98066137.57
479140,25,26638492.22,26638499.31,139986226,104535204.3
479140,30,23626024.48,23626031.06,124155625.6,92713654.03
479140,36,26731389.02,26731398.2,140474413,104899769.6
479160,2,23382853.7,23382859.29,122877762.2,91759406.17
479160,7,25201028.53,25201035.28,132432311.6,98894296.11
479160,8,22943420.69,22943426.31,120568494.7,90034935.19
479160,11,24988672.13,24988675.2,131316369.4,98060941.86
479160,25,26647309.98,26647317.61,140032565.2,104569808.1
479160,30,23619966.7,23619973.38,124123792.8,92689882.82
479160,36,26722022.02,26722031.06,140425189.2,104863011.6
479180,2,23385416.47,23385421.95,122891228.8,91769462.43
479180,7,25198575.73,25198582.66,132419421.8,98884670.63
479180,8,22951427.73,22951433.65,120610572.7,90066357.08
479180,11,24987385.56,24987388.4,131309609.5,98055893.96
479180,25,26656131.04,26656138.49,140078920.5,104604424.1
479180,30,23613923.77,23613930.43,124092036.9,92666169.03
479180,36,26712673.29,26712682.21,140376063.3,104826326.6
479200,2,23387995.23,23388000.6,122904780,91779581.79
479200,7,25196158.38,25196165.48,132406719.4,98875185.1
479200,8,22959461.98,22959467.95,120652792.9,90097885.15
479200,11,24986137.06,24986140.13,131303047.5,98050993.71
479200,25,26664955.31,26664963.07,140125291.6,104639051.9
479200,30,23607895.5,23607902.02,124060357.7,92642512.53
479200,36,26703343.65,26703351.9,140327035.5,104789715
479220,2,23390589.93,23390595.45,122918415.6,91789764.21
479220,7,25193776.85,25193783.92,132394204.7,98865839.67
479220,8,22967523.15,22967529.1,120695155,90129519.17
479220,11,24984926.31,24984928.98,131296683.4,98046241.33
479220,25,26673782.18,26673790.31,140171678.5,104673691.4
479220,30,23601881.75,23601888.37,124028755.3,92618913.34
479220,36,26694032.95,26694041.16,140278106.7,104753177.2
479240,2,23393200.73,23393206.1,122932135.2,91800009.4
479240,7,25191431.16,25191438.16,132381877.7,98856634.43
479240,8,22975611.2,22975617.19,120737658.4,90161258.66
479240,11,24983752.61,24983755.54,131290517.3,98041636.79
479240,25,26682612.31,26682619.52,140218081,104708342.6
479240,30,23595882.5,23595889,123997229.6,92595371.39
479240,36,26684740.91,26684749.67,140229277.3,104716713.7
479260,2,23395827.46,23395832.91,122945939.3,91810317.61
479260,7,25189121.38,25189128.22,132369739,98847569.81
479260,8,22983726.42,22983732.12,120780303,90193103.66
479260,11,24982616.38,24982620.04,131284549.9,98037180.57
479260,25,26691445.64,26691452.63,140264499.2,104743005.5
479260,30,23589898.27,23589904.54,123965780.8,92571886.96
479260,36,26675468.06,26675476.31,140180548.3,104680325.1
479280,2,23398470.34,23398475.63,122959826.9,91820688.26
479280,7,25186847.01,25186854.17,132357788.2,98838645.54
479280,8,22991868.04,22991873.67,120823087.9,90225053.41
479280,11,24981519.28,24981521.54,131278780.5,98032872.24
479280,25,26700281.7,26700288.45,140310932.6,104777679.8
479280,30,23583927.99,23583934.55,123934408.6,92548459.62
479280,36,26666214.61,26666222.31,140131919.9,104644011.7
479300,2,23401128.98,23401134.16,122973798.3,91831121.43
479300,7,25184608.97,25184615.67,132346025.7,98829861.92
479300,8,23000036.72,23000042.08,120866012.9,90257107.79
479300,11,24980458.77,24980461.52,131273209.5,98028712.11
479300,25,26709120.2,26709127.49,140357381.2,104812365.4
479300,30,23577972.84,23577979.14,123903113,92525089.56
479300,36,26656979.84,26656987.92,140083392.7,104607773.8
479320,2,23403803.57,23403808.72,122987853.2,91841616.99
479320,7,25182406.17,25182413.41,132334451.9,98821219.09
479320,8,23008231.52,23008237.22,120909077.6,90289266.46
479320,11,24979436.61,24979439.45,131267837.2,98024700.32
479320,25,26717961.98,26717969.65,140403844.8,104847062.3
479320,30,23572031.91,23572038.3,123871894.1,92501776.78
479320,36,26647764.92,26647772.7,140034967.5,104571612.2
479340,2,23406494.02,23406499.21,123001991.5,91852174.83
479340,7,25180239.63,25180246.89,132323066.8,98812717.21
479340,8,23016453.07,23016458.57,120952281.5,90321529.1
479340,11,24978452.4,24978454.67,131262663.6,98020836.89
479340,25,26726807.17,26726813.96,140450323.5,104881770.3
479340,30,23566105.84,23566112.29,123840751.9,92478521.26
479340,36,26638569.41,26638577.56,139986644.8,104535527.1
479360,2,23409200.22,23409205.63,123016213.1,91862794.85
479360,7,25178109.41,25178116.58,132311870.6,98804356.44
479360,8,23024700.82,23024706.47,120995624.2,90353895.44
479360,11,24977505.89,24977508.29,131257688.8,98017122
479360,25,26735654.13,26735661.54,140496817.1,104916489.6
479360,30,23560194.13,23560200.75,123809686.5,92455323.07
479360,36,26629393.36,26629401.68,139938425.5,104499519.1
479380,2,23411922.24,23411927.66,123030517.9,91873476.98
479380,7,25176014.56,25176021.97,132300863.6,98796136.94
479380,8,23032974.97,23032980.79,121039105.4,90386365.16
479380,11,24976596.85,24976599.16,131252913.1,98013555.71
479380,25,26744504.27,26744511.99,140543325.5,104951219.9
479380,30,23554297.35,23554303.68,123778697.8,92432182.19
479380,36,26620237.74,26620246.39,139890309.9,104463588.7
479400,2,23414660.1,23414665.55,123044905.6,91884221.02
479400,7,25173956.13,25173963.61,132290045.9,98788058.76
479400,8,23041275.61,23041280.97,121082724.6,90418937.87
479400,11,24975725.95,24975727.95,131248336.4,98010138.07
479400,25,26753358.12,26753364.55,140589848.6,104985961.1
479400,30,23548414.86,23548421.41,123747785.8,92409098.58
479400,36,26611101.51,26611110.1,139842298.9,104427736.3
479420,2,23417413.84,23417419.32,123059376,91895026.87
479420,7,25171933.54,25171941.09,132279417.6,98780122.07
479420,8,23049602.24,23049607.71,121126481.2,90451613.29
479420,11,24974892.84,24974895.25,131243959,98006869.21
479420,25,26762213.66,26762220.58,140636386.2,105020713.2
479420,30,23542547.2,23542553.66,123716950.6,92386072.25
479420,36,26601984.91,26601993.18,139794392.9,104391962.3
479440,2,23420183.04,23420188.63,123073928.9,91905894.26
479440,7,25169947.13,25169954.62,132268978.8,98772326.84
479440,8,23057954.98,23057960.4,121170374.8,90484390.91
479440,11,24974097.43,24974100.38,131239780.6,98003748.99
479440,25,26771072.18,26771080.04,140682938,105055475.9
479440,30,23536693.78,23536700.43,123686191.8,92363103.03
479440,36,26592889.16,26592897,139746592.3,104356267.1
479460,2,23422968.11,23422973.63,123088564.2,91916823.24
479460,7,25167996.84,25168004.06,132258729.8,98764673.35
479460,8,23066333.77,23066339.04,121214404.9,90517270.59
479460,11,24973340.93,24973343.32,131235801.7,98000777.68
479460,25,26779933.58,26779941.18,140729504.2,105090249.3
479460,30,23530855.38,23530861.92,123655509.7,92340191.09
479460,36,26583812.85,26583820.24,139698898.1,104320651.3
479480,2,23425768.88,23425774.19,123103281.8,91927813.64
479480,7,25166082.73,25166089.91,132248670.7,98757161.69
479480,8,23074738.33,23074743.83,121258571.3,90550251.93
479480,11,24972621.93,24972624.57,131232022.2,97997955.35
479480,25,26788797.23,26788804.13,140776084.4,105125033.2
479480,30,23525031.21,23525037.88,123624904.2,92317336.38
479480,36,26574757.55,26574764.93,139651310.6,104285115.3
479500,2,23428585.26,23428590.36,123118081.6,91938865.44
479500,7,25164204.66,25164212.01,132238801.7,98749792.03
479500,8,23083168.82,23083174.2,121302873.4,90583334.67
479500,11,24971940.12,24971943.07,131228442.3,97995282.01
479500,25,26797663.76,26797670.59,140822678.8,105159827.8
479500,30,23519222.01,23519228.34,123594375.5,92294538.98
479500,36,26565722.26,26565730.66,139603830.8,104249659.6
479520,2,23431416.91,23431422.22,123132963.2,91949978.3
479520,7,25162362.89,25162370.13,132229122.9,98742564.32
479520,8,23091624.86,23091630.47,121347310.6,90616518.3
479520,11,24971296.59,24971300.06,131225061.9,97992757.73
479520,25,26806533.04,26806539.97,140869287,105194632.5
479520,30,23513427.06,23513433.59,123563923.2,92271798.66
479520,36,26556707.55,26556716.59,139556458.8,104214284.4
479540,2,23434264.56,23434269.79,123147926.5,91961152.22
479540,7,25160557.18,25160564.43,132219634.4,98735478.79
479540,8,23100106.52,23100112.07,121391882.6,90649802.59
479540,11,24970691.1,24970694.8,131221881.2,97990382.56
479540,25,26815405.14,26815412.37,140915909,105229447.6
479540,30,23507646.86,23507653.35,123533547.6,92249115.55
479540,36,26547713.6,26547722.9,139509195.6,104178990.5
479560,2,23437127.52,23437132.72,123162971.4,91972387.02
479560,7,25158787.95,25158794.84,132210336.5,98728535.49
479560,8,23108613.85,23108619.42,121436588.9,90683187.16
479560,11,24970124.1,24970127.74,131218900.3,97988156.5
479560,25,26824279.46,26824287.27,140962544.5,105264272.8
479560,30,23501881.15,23501887.67,123503248.5,92226489.59
479560,36,26538740.76,26538749.66,139462041.5,104143778.1
479580,2,23440005.95,23440011.15,123178097.9,91983682.74
479580,7,25157054.99,25157061.71,132201229.3,98721734.67
479580,8,23117146.72,23117152.18,121481429.2,90716671.81
479580,11,24969595.35,24969598.33,131216119.4,97986079.84
479580,25,26833156.91,26833164.74,141009193.7,105299108.3
479580,30,23496129.91,23496136.26,123473026.1,92203920.93
479580,36,26529788.41,26529796.94,139414997.4,104108647.8
479600,2,23442899.92,23442905.15,123193305.8,91995039.29
479600,7,25155358.45,25155365.14,132192313.1,98715076.49
479600,8,23125704.91,23125710.76,121526403.2,90750256.23
479600,11,24969104.12,24969107.61,131213538.6,97984152.59
479600,25,26842036.29,26842043.56,141055856.6,105333953.9
479600,30,23490393.3,23490399.83,123442880.4,92181409.56
479600,36,26520857.18,26520865.73,139368064,104073600.1
479620,2,23445809.24,23445814.63,123208594.7,92006456.37
479620,7,25153697.98,25153704.69,132183587.8,98708560.87
479620,8,23134288.49,23134294.18,121571510,90783939.89
479620,11,24968651.28,24968654.49,131211157.7,97982374.7
479620,25,26850918.03,26850925.97,141102532.7,105368809.4
479620,30,23484671.38,23484678.01,123412811.2,92158955.31
479620,36,26511947.5,26511955.97,139321241.5,104038635.3
479640,2,23448733.94,23448739.42,123223964.6,92017933.91
479640,7,25152073.85,25152080.84,132175053.7,98702187.95
479640,8,23142897.38,23142902.98,121616749.4,90817722.51
479640,11,24968236.1,24968239.72,131208977,97980746.23
479640,25,26859803.04,26859811.14,141149222,105403674.7
479640,30,23478964.23,23478970.47,123382818.6,92136558.23
479640,36,26503058.33,26503067.89,139274530.7,104003753.9
479660,2,23451674.22,23451679.7,123239415.3,92029471.76
479660,7,25150486.21,25150493.22,132166710.7,98695957.83
479660,8,23151531.2,23151536.65,121662120.7,90851603.72
479660,11,24967859.57,24967862.64,131206996.4,97979267.21
479660,25,26868690.45,26868697.83,141195924.3,105438549.8
479660,30,23473271.28,23473277.48,123352902.5,92114218.28
479660,36,26494191.01,26494200.44,139227932.1,103968956.3
479680,2,23454629.79,23454635.27,123254946.7,92041069.83
479680,7,25148934.88,25148942.02,132158559.2,98689870.64
479680,8,23160190.15,23160195.81,121707623.7,90885583.2
479680,11,24967520.48,24967523.71,131205216.1,97977937.7
479680,25,26877579.91,26877587.65,141242639.7,105473434.7
479680,30,23467592.98,23467599.26,123323062.9,92091935.46
479680,36,26485345.02,26485354.13,139181446.4,103934243
479700,2,23457600.52,23457606.05,123270558.5,92052728
479700,7,25147419.98,25147427.26,132150599.1,98683926.43
479700,8,23168873.81,23168879.65,121753257.8,90919660.6
479700,11,24967219.58,24967222.7,131203636,97976757.79
479700,25,26886471.88,26886479.69,141289367.9,105508329.1
479700,30,23461929.32,23461935.59,123293299.8,92069709.77
479700,36,26476520.72,26476529.57,139135074.2,103899614.4
479720,2,23460586.67,23460592.2,123286250.5,92064446.05
479720,7,25145941.99,25145949.09,132142830.6,98678125.26
479720,8,23177582.6,23177588.2,121799022.4,90953835.47
479720,11,24966957.37,24966960.34,131202256.2,97975727.41
479720,25,26895366.36,26895373.98,141336108.7,105543232.9
479720,30,23456280.2,23456286.38,123263613,92047541.11
479720,36,26467717.7,26467727.13,139088815.8,103865070.9
479740,2,23463587.92,23463593.57,123302022.5,92076223.86
479740,7,25144500.31,25144507.44,132135253.7,98672467.2
479740,8,23186316.07,23186321.68,121844917.1,90988107.47
479740,11,24966732.81,24966735.51,131201076.6,97974846.56
479740,25,26904263.51,26904270.47,141382862,105578146.1
479740,30,23450645.5,23450651.69,123234002.7,92025429.49
479740,36,26458936.93,26458946.4,139042672,103830612.8
479760,2,23466604.65,23466610.02,123317874.7,92088061.54
479760,7,25143094.97,25143101.91,132127868.9,98666952.52
479760,8,23195074.18,23195079.93,121890941.7,91022476.46
479760,11,24966546.79,24966549,131200097.7,97974115.55
479760,25,26913162.71,26913170.04,141429628,105613068.7
479760,30,23445025.38,23445031.47,123204468.9,92003375.06
479760,36,26450177.91,26450187.56,138996643.5,103796241
479780,2,23469636.44,23469641.59,123333806.9,92099958.98
479780,7,25141726.15,25141733.35,132120676.2,98661581.39
479780,8,23203857.02,23203862.86,121937095.7,91056942.11
479780,11,24966398.16,24966401.11,131199319.5,97973534.4
479780,25,26922063.99,26922072.17,141476406.6,105648000.8
479780,30,23439419.58,23439425.98,123175011.8,91981377.89
479780,36,26441441.36,26441450.8,138950731,103761955.7
479800,2,23472683.32,23472688.54,123349818.7,92111915.83
479800,7,25140393.84,25140401.16,132113675.6,98656353.63
479800,8,23212664.39,23212670.09,121983378.3,91091503.81
479800,11,24966288.38,24966291.73,131198741.7,97973102.92
479800,25,26930968.46,26930976.02,141523197.4,105682941.9
479800,30,23433828.75,23433834.91,123145631,91959437.67
479800,36,26432726.7,26432735.99,138904934.8,103727757.4
479820,2,23475745.38,23475750.74,123365910.1,92123932.12
479820,7,25139098.28,25139105.54,132106867.3,98651269.49
479820,8,23221496.38,23221501.98,122029789.4,91126161.41
479820,11,24966216.56,24966219.6,131198364.6,97972821.32
479820,25,26939874.63,26939882.61,141570000.4,105717892.2
479820,30,23428252.25,23428258.47,123116326.7,91937554.6
479820,36,26424033.71,26424043.22,138859255.7,103693646.4
479840,2,23478822.62,23478828.08,123382080.9,92136007.72
479840,7,25137839.31,25137846.51,132100251.3,98646329.03
479840,8,23230352.54,23230357.87,122076328.3,91160914.49
479840,11,24966183.36,24966185.54,131198188.2,97972689.58
479840,25,26948782.94,26948790.64,141616815.7,105752851.6
479840,30,23422690.26,23422696.73,123087098.9,91915728.64
479840,36,26415363.67,26415372.86,138813694.3,103659623.3
479860,2,23481914.87,23481920.34,123398330.9,92148142.43
479860,7,25136617.28,25136624.23,132093827.8,98641532.25
479860,8,23239232.58,23239238.2,122122994.6,91195762.64
479860,11,24966187.98,24966190.18,131198212.3,97972707.63
479860,25,26957694.48,26957701.74,141663642.8,105787819.8
479860,30,23417142.8,23417149.53,123057947.4,91893959.64
479860,36,26406716.22,26406725.2,138768250.9,103625688.3
479880,2,23485022.34,23485027.6,123414660.2,92160336.36
479880,7,25135431.38,25135438.59,132087597.2,98636879.46
479880,8,23248137.21,23248142.52,122169787.9,91230705.7
479880,11,24966230.6,24966232.72,131198437.4,97972875.76
479880,25,26966607.45,26966614.06,141710482,105822797.1
479880,30,23411610.23,23411616.76,123028872.5,91872247.88
479880,36,26398091.34,26398100.23,138722926.5,103591842.2
479900,2,23488144.62,23488150,123431068.4,92172589.27
479900,7,25134282.52,25134289.81,132081559.2,98632370.61
479900,8,23257065.63,23257071.03,122216707.7,91265743.22
479900,11,24966311.8,24966314.19,131198863.4,97973193.86
479900,25,26975523.19,26975529.59,141757333.1,105857783.3
479900,30,23406092.04,23406098.45,122999874,91850593.2
479900,36,26389489.17,26389498.15,138677721.6,103558085.3
479920,2,23491282.09,23491287.36,123447555.4,92184901
479920,7,25133170.2,25133177.7,132075714.1,98628005.75
479920,8,23266018.17,23266023.42,122263753.5,91300874.78
479920,11,24966431.48,24966433.04,131199490.1,97973661.88
479920,25,26984440.95,26984448.56,141804195.8,105892778.2
479920,30,23400588.48,23400594.78,122970952,91828995.54
479920,36,26380909.58,26380918.64,138632636.5,103524418
479940,2,23494434.26,23494439.79,123464121.1,92197271.46
479940,7,25132094.6,25132102.05,132070062,98623784.98
479940,8,23274994.39,23274999.95,122310924.7,91336100.06
479940,11,24966588.83,24966590.66,131200317.7,97974279.88
479940,25,26993360.81,26993368.85,141851070.1,105927781.7
479940,30,23395099.23,23395105.65,122942106.3,91807454.94
479940,36,26372352.91,26372361.91,138587672.1,103490840.7
479960,2,23497601.7,23497607.18,123480765.4,92209700.62
479960,7,25131055.65,25131063.09,132064603,98619708.45
479960,8,23283994.71,23284000.46,122358221.1,91371418.79
479960,11,24966784.07,24966787.17,131201346.4,97975047.99
479960,25,27002283.02,27002290.83,141897956.1,105962794
479960,30,23389624.55,23389631.04,122913337.1,91785971.48
479960,36,26363819.88,26363828.1,138542828.8,103457353.9
479980,2,23500783.9,23500789.25,123497488,92222188.31
479980,7,25130053.77,25130060.85,132059337.2,98615776.19
479980,8,23293018.63,23293024.31,122405642.1,91406830.54
479980,11,24967018.05,24967020.9,131202575.9,97975966.16
479980,25,27011207.37,27011215.2,141944853.6,105997814.8
479980,30,23384164.52,23384170.96,122884644.3,91764545.08
479980,36,26355309.81,26355318.05,138498107.4,103423958.1
480000,2,23503980.78,23503986.34,123514288.6,92234734.17
480000,7,25129088.37,25129095.56,132054264.3,98611988.02
480000,8,23302066.13,23302071.77,122453186.9,91442334.71
480000,11,24967290.47,24967292.83,131204006.1,97977034.15
480000,25,27020133.42,27020141.43,141991762,106032843.8
480000,30,23378718.93,23378725.25,122856027.6,91743175.48
480000,36,26346822.82,26346831.41,138453508,103390653.4
480020,2,23507192.82,23507198.17,123531167.2,92247338.3
480020,7,25128159.92,25128167.09,132049384.8,98608344.21
480020,8,23311137.31,23311142.72,122500855.2,91477931.16
480020,11,24967601.23,24967603.55,131205637.2,97978252.19
480020,25,27029062.2,27029069.69,142038681.7,106067881.1
480020,30,23373288.11,23373294.41,122827487.3,91721862.89
480020,36,26338358.93,26338367.61,138409031.4,103357440.5
480040,2,23510419.64,23510424.98,123548123.7,92260000.68
480040,7,25127268.02,25127275.47,132044698.8,98604844.9
480040,8,23320231.64,23320237.24,122548646.7,91513619.58
480040,11,24967949.74,24967951.94,131207469.3,97979620.34
480040,25,27037992.67,27038000,142085612.5,106102926.9
480040,30,23367871.45,23367877.96,122799023.3,91700607.35
480040,36,26329919.11,26329926.88,138364678.5,103324319.8
480060,2,23513661.31,23513666.61,123565158,92272721.09
480060,7,25126413.14,25126420.57,132040206.2,98601490.08
480060,8,23329349.52,23329355.1,122596560.7,91549399.55
480060,11,24968336.74,24968338.18,131209502.4,97981138.53
480060,25,27046925.52,27046933.17,142132554.3,106137980.8
480060,30,23362469.6,23362475.85,122770635.7,91679408.8
480060,36,26321502.38,26321510.16,138320449.5,103291291.7
480080,2,23516917.43,23516922.93,123582269.9,92285499.4
480080,7,25125595.2,25125602.41,132035907.2,98598279.78
480080,8,23338490.37,23338496.09,122644596.8,91585270.64
480080,11,24968762.1,24968763.27,131211736.4,97982806.74
480080,25,27055860.47,27055868.21,142179507,106173042.8
480080,30,23357081.71,23357088.34,122742324.3,91658267.17
480080,36,26313109.52,26313117.53,138276345,103258356.6
480100,2,23520188.31,23520193.89,123599459,92298335.45
480100,7,25124813.98,25124821,132031801.8,98595214.03
480100,8,23347654.45,23347660.04,122692754.4,91621232.47
480100,11,24969224.93,24969226.77,131214171.2,97984624.95
480100,25,27064796.83,27064804.48,142226470.4,106208112.9
480100,30,23351708.83,23351715.15,122714089.1,91637182.43
480100,36,26304740.09,26304748.72,138232365.7,103225515
480120,2,23523473.92,23523479.55,123616725.5,92311229.24
480120,7,25124069.56,25124076.61,132027890.1,98592292.98
480120,8,23356841.7,23356847.35,122741033.2,91657284.79
480120,11,24969726.34,24969728.45,131216807,97986593.25
480120,25,27073735.63,27073742.93,142273444.5,106243190.9
480120,30,23346350.31,23346356.76,122685930.1,91616154.66
480120,36,26296394.81,26296403.45,138188512.2,103192767.2
480140,2,23526774.32,23526779.84,123634069.2,92324180.7
480140,7,25123362.16,25123369.32,132024172.4,98589516.74
480140,8,23366051.78,23366057.64,122789432.7,91693427.23
480140,11,24970266.55,24970268.45,131219643.9,97988711.67
480140,25,27082676.44,27082683.48,142320429.4,106278277
480140,30,23341006.38,23341012.66,122657847.5,91595183.92
480140,36,26288074.09,26288082.73,138144785,103160113.9
480160,2,23530089.42,23530094.82,123651489.9,92337189.65
480160,7,25122691.5,25122698.84,132020648.6,98586885.3
480160,8,23375284.66,23375290.51,122837952.3,91729659.39
480160,11,24970844.78,24970846.87,131222681.8,97990980.18
480160,25,27091619.27,27091626.97,142367424.7,106313370.9
480160,30,23335677.04,23335683.39,122629841.2,91574270.11
480160,36,26279777.59,26279785.93,138101184.8,103127555.4
480180,2,23533419.24,23533424.54,123668987.5,92350256.07
480180,7,25122057.95,25122065.35,132017318.8,98584398.79
480180,8,23384540.77,23384546.27,122886591.6,91765980.99
480180,11,24971460.6,24971463.66,131225920.7,97993398.85
480180,25,27100563.67,27100572.51,142414430.6,106348472.6
480180,30,23330362.19,23330368.55,122601911.2,91553413.3
480180,36,26271504.87,26271513.41,138057712.2,103095092.1
480200,2,23536763.33,23536768.73,123686561.8,92363379.72
480200,7,25121461.24,25121468.71,132014183,98582057.15
480200,8,23393818.77,23393824.66,122935350.1,91802391.53
480200,11,24972114.92,24972118.69,131229360.5,97995967.53
480200,25,27109511.7,27109519.07,142461446.8,106383582.1
480200,30,23325061.52,23325068.17,122574057.4,91532613.37
480200,36,26263256.34,26263265.18,138014367.5,103062724.4
480220,2,23540122.13,23540127.67,123704212.6,92376560.5
480220,7,25120901.56,25120908.91,132011241.3,98579860.41
480220,8,23403119.98,23403125.61,122984227.2,91838890.66
480220,11,24972808.06,24972811.43,131233001.2,97998686.19
480220,25,27118460.42,27118468.2,142508473.1,106418699.2
480220,30,23319775.91,23319782.29,122546279.7,91511870.31
480220,36,26255032.63,26255041.28,137971151.5,103030452.7
480240,2,23543495.56,23543501.12,123721939.8,92389798.31
480240,7,25120378.41,25120385.94,132008493.7,98577808.66
480240,8,23412443.47,23412449.25,123033222.4,91875477.98
480240,11,24973539.19,24973542.71,131236842.8,98001554.88
480240,25,27127411.13,27127419.35,142555509.6,106453823.7
480240,30,23314504.11,23314510.96,122518578.2,91491184.13
480240,36,26246833.45,26246841.5,137928064.5,102998277.5
480260,2,23546883.43,23546888.95,123739743.2,92403093.11
480260,7,25119892.47,25119899.75,132005940.5,98575901.98
480260,8,23421789.54,23421795.08,123082335.4,91912153.2
480260,11,24974308.36,24974311.45,131240885.3,98004573.62
480260,25,27136364.31,27136372.28,142602556.2,106488955.9
480260,30,23309247.52,23309253.99,122490952.9,91470554.86
480260,36,26238658.91,26238666.88,137885107.4,102966199.2
480280,2,23550285.69,23550291.45,123757622.8,92416444.73
480280,7,25119443.71,25119450.82,132003581.5,98574140.38
480280,8,23431157.66,23431163.41,123131565.5,91948915.91
480280,11,24975115.65,24975119.2,131245128.7,98007742.41
480280,25,27145318.92,27145326.05,142649612.8,106524095.5
480280,30,23304004.81,23304011.49,122463403.8,91449982.46
480280,36,26230509.31,26230517.4,137842280.6,102934218.2
480300,2,23553702.81,23553708.17,123775578.3,92429853.07
480300,7,25119031.91,25119038.91,132001416.8,98572523.88
480300,8,23440547.98,23440553.67,123180912.2,91985765.7
480300,11,24975961.41,24975964.81,131249573,98011061.13
480300,25,27154275.07,27154281.49,142696679.1,106559242.4
480300,30,23298777.04,23298783.46,122435930.7,91429466.9
480300,36,26222384.34,26222392.43,137799584.5,102902334.8
480320,2,23557134.04,23557139.44,123793609.7,92443318.03
480320,7,25118657.09,25118664.21,131999446.5,98571052.56
480320,8,23449960.24,23449966.11,123230375.1,92022702.26
480320,11,24976844.96,24976848.68,131254218,98014529.82
480320,25,27163233.15,27163240.17,142743755.3,106594396.7
480320,30,23293563.49,23293570.1,122408533.8,91409008.18
480320,36,26214284.78,26214293.15,137757020,102870549.7
480340,2,23560579.8,23560585.08,123811716.7,92456839.54
480340,7,25118319.02,25118326.43,131997670.7,98569726.47
480340,8,23459395.04,23459400.46,123279953.6,92059725.2
480340,11,24977767.48,24977770.56,131259063.9,98018148.49
480340,25,27172193.56,27172200.99,142790841.2,106629558.2
480340,30,23288364.7,23288371.11,122381213.1,91388606.36
480340,36,26206209.7,26206218.18,137714587.4,102838863.1
480360,2,23564039.66,23564045.32,123829899.3,92470417.48
480360,7,25118018.01,25118025.5,131996089.4,98568545.63
480360,8,23468851.31,23468856.76,123329647.3,92096834.12
480360,11,24978727.83,24978731.6,131264110.6,98021917.09
480360,25,27181155.37,27181163.56,142837936.8,106664727
480360,30,23283180.12,23283186.41,122353968.5,91368261.36
480360,36,26198160.37,26198167.95,137672287.4,102807275.5
480380,2,23567514,23567519.68,123848157.5,92484051.77
480380,7,25117754.22,25117761.5,131994702.7,98567510.12
480380,8,23478329.64,23478335.41,123379455.8,92134028.75
480380,11,24979726.56,24979730.08,131269358.1,98025835.69
480380,25,27190119.63,27190127.06,142885041.9,106699902.9
480380,30,23278009.99,23278016.34,122326800.1,91347973.26
480380,36,26190136.36,26190143.59,137630120.6,102775787.3
480400,2,23571002.81,23571008.28,123866490.8,92497742.27
480400,7,25117527.48,25117534.57,131993510.6,98566619.93
480400,8,23487829.63,23487835.21,123429378.4,92171308.61
480400,11,24980763.59,24980767.07,131274806.3,98029904.1
480400,25,27199085.22,27199093.62,142932156.5,106735085.8
480400,30,23272854.58,23272860.91,122299707.8,91327741.99
480400,36,26182137.49,26182145.16,137588087.5,102744399
480420,2,23574505.81,23574511.25,123884899.4,92511488.91
480420,7,25117337.39,25117344.86,131992513.2,98565875.14
480420,8,23497351.13,23497356.73,123479414.8,92208673.38
480420,11,24981838.61,24981842.02,131280455.2,98034122.44
480420,25,27208052.23,27208060.81,142979280.6,106770275.8
480420,30,23267713.54,23267720.01,122272691.6,91307567.57
480420,36,26174164.52,26174172.68,137546188.7,102713111
480440,2,23578022.98,23578028.36,123903382.9,92525291.51
480440,7,25117185.02,25117192.25,131991710.5,98565275.64
480440,8,23506894.28,23506899.86,123529564.1,92246122.59
480440,11,24982951.58,24982955.05,131286304.7,98038490.55
480440,25,27217021.64,27217029.99,143026413.8,106805472.6
480440,30,23262587.11,23262593.36,122245751.4,91287449.9
480440,36,26166217.04,26166225.58,137504424.5,102681923.5
480460,2,23581554.54,23581560.02,123921941.1,92539149.95
480460,7,25117069.09,25117076.27,131991102.3,98564821.52
480460,8,23516458.89,23516464.35,123579826.1,92283655.87
480460,11,24984102.52,24984106.61,131292354.7,98043008.37
480460,25,27225992.34,27226000.24,143073556.1,106840676.3
480460,30,23257474.89,23257481.27,122218887.2,91267388.98
480460,36,26158295.25,26158303.33,137462795.7,102650837.1
480480,2,23585100.41,23585105.7,123940574,92553064.13
480480,7,25116990.13,25116997.59,131990688.9,98564512.78
480480,8,23526044.81,23526050.27,123630200.2,92321272.81
480480,11,24985292.06,24985295.74,131298605.1,98047675.89
480480,25,27234964.88,27234973,143120707.6,106875886.8
480480,30,23252377.27,23252383.72,122192099,91247384.79
480480,36,26150399.73,26150406.79,137421302.7,102619852.1
480500,2,23588660.32,23588665.81,123959281.7,92567034.14
480500,7,25116948.7,25116956.13,131990470.4,98564349.62
480500,8,23535651.84,23535657.71,123680686,92358973.26
480500,11,24986519.74,24986523.26,131305056.2,98052493.26
480500,25,27243939.84,27243947.97,143167868.2,106911104.1
480500,30,23247294.16,23247300.72,122165386.9,91227437.53
480500,36,26142529.7,26142536.6,137379946.3,102588969.1
480520,2,23592234.44,23592239.88,123978063.7,92581059.64
480520,7,25116944.18,25116951.58,131990446.6,98564331.83
480520,8,23545279.93,23545285.92,123731282.8,92396756.54
480520,11,24987784.78,24987789.02,131311707.6,98057460.19
480520,25,27252915.51,27252923.84,143215037.6,106946328
480520,30,23242225.25,23242232.01,122138750.9,91207546.95
480520,36,26134685.5,26134693.13,137338726.7,102558188.3
480540,2,23595822.72,23595828.06,123996919.9,92595140.58
480540,7,25116976.99,25116984.32,131990617.5,98564459.46
480540,8,23554929.22,23554935.1,123781990.1,92434622.39
480540,11,24989088.85,24989093.03,131318559.2,98062576.72
480540,25,27261893.56,27261901.58,143262215.8,106981558.5
480540,30,23237171.4,23237177.67,122112190.7,91187713.07
480540,36,26126868.01,26126876.21,137297644.7,102527510.2
480560,2,23599424.88,23599430.29,124015850.4,92609276.94
480560,7,25117046.49,25117053.95,131990983.4,98564732.67
480560,8,23564599.48,23564605.32,123832807.6,92472570.48
480560,11,24990430.69,24990434.68,131325611.3,98067842.88
480560,25,27270873.14,27270880.01,143309403,107016795.6
480560,30,23232131.59,23232137.82,122085706.6,91167936
480560,36,26119076.53,26119085.42,137256700.7,102496935.2
480580,2,23603041.2,23603046.75,124034854.7,92623468.5
480580,7,25117153.48,25117160.4,131991544,98565151.31
480580,8,23574290.94,23574296.16,123883734.5,92510600.29
480580,11,24991811.3,24991814.22,131332863.5,98073258.45
480580,25,27279853.66,27279861.59,143356598.6,107052039.1
480580,30,23227106.2,23227112.51,122059298.4,91148215.58
480580,36,26111311.29,26111320.11,137215895.3,102466463.7
480600,2,23606671.73,23606677.14,124053932.9,92637715.19
480600,7,25117297.09,25117304.15,131992299.5,98565715.43
480600,8,23584002.59,23584008.05,123934770.4,92548711.5
480600,11,24993228.95,24993232.57,131340315.8,98078823.51
480600,25,27288836.45,27288844.4,143403802.9,107087289
480600,30,23222095.43,23222101.63,122032966.1,91128551.85
480600,36,26103572.81,26103580.52,137175229,102436096