478200,2,23278589.19,23278591.55,122329812.7,91350194.27
478200,7,25356546.14,25356550.25,133249553.1,99504555.52
478200,8,22593842.7,22593845.14,118731447.9,88663092.3
478200,11,25093508.01,25093509.11,131867287.9,98472332.78
478200,25,26227740.7,26227745.04,137827697.8,102923293.6
478200,30,23926392.88,23926396.52,125734057,93892334.78
478200,36,27194026.01,27194031.77,142905576.7,106715229.8
478220,2,23280340.21,23280342.6,122339014.7,91357065.9
478220,7,25352440.88,25352445,133227979.9,99488445.65
478220,8,22600471.72,22600474.02,118766282.5,88689105.2
478220,11,25090445.08,25090445.3,131851189,98460310.91
478220,25,26236390.18,26236394.64,137873151.1,102957236
478220,30,23919641.52,23919645.01,125698577.5,93865840.37
478220,36,27183912.81,27183919.2,142852433.3,106675544.9
478240,2,23282108.98,23282111.45,122348310,91364007.23
478240,7,25348369.14,25348373.14,133206582.5,99472467.11
478240,8,22607130.95,22607133.37,118801278,88715238.14
478240,11,25087417.39,25087417.61,131835278.5,98448429.71
478240,25,26245044.04,26245048.59,137918627.8,102991195.8
478240,30,23912904.52,23912908.25,125663175.2,93839403.55
478240,36,27173813.22,27173819.12,142799358.1,106635910.8
478260,2,23283895.5,23283897.97,122357698.2,91371017.92
478260,7,25344330.66,25344334.88,133185361.1,99456619.91
478260,8,22613820.81,22613823.22,118836433.6,88741490.7
478260,11,25084425.41,25084425.79,131819556.3,98436689.12
478260,25,26253702.54,26253706.89,137964127.5,103025172.9
478260,30,23906182.44,23906185.95,125627849.6,93813024.1
478260,36,27163726.38,27163732.38,142746351.4,106596327.9
478280,2,23285699.72,23285702.13,122367179.2,91378097.89
478280,7,25340325.81,25340330.09,133164315.8,99440904.3
478280,8,22620541.1,22620543.51,118871749,88767862.63
478280,11,25081469.61,25081469.68,131804022.7,98425089.44
478280,25,26262364.61,26262369.43,138009650.1,103059167
478280,30,23899474.77,23899478.45,125592601,93786702.08
478280,36,27153652.7,27153658.81,142693413.9,106556796.7
478300,2,23287521.49,23287523.88,122376752.8,91385247
478300,7,25336354.71,25336359.04,133143447.1,99425320.51
478300,8,22627291.88,22627294.19,118907224,88794353.7
478300,11,25078549.31,25078549.9,131788678.1,98413630.83
478300,25,26271032.15,26271036.44,138055195.3,103093178
478300,30,23892781.8,23892785.44,125557429.3,93760437.5
478300,36,27143592.56,27143598.39,142640546.3,106517317.6
478320,2,23289360.91,23289363.27,122386418.8,91392465.11
478320,7,25332417.2,25332421.39,133122755.2,99409868.75
478320,8,22634072.91,22634075.13,118942858.2,88820963.64
478320,11,25075665.37,25075665.67,131773522.7,98402313.51
478320,25,26279703.31,26279707.76,138100763,103127205.8
478320,30,23886103.42,23886107.09,125522334.5,93734230.36
478320,36,27133545.44,27133551.33,142587749.1,106477891.1
478340,2,23291217.88,23291220.21,122396177,91399752.11
478340,7,25328513.4,25328517.56,133102240.4,99394549.29
478340,8,22640884.06,22640886.38,118978651.3,88847692.23
478340,11,25072817.45,25072817.93,131758556.8,98391137.68
478340,25,26288378.59,26288383.33,138146353.1,103161250.4
478340,30,23879439.66,23879443.38,125487316.6,93708080.68
478340,36,27123511.81,27123517.95,142535023,106438517.8
478360,2,23293092.19,23293094.66,122406027.3,91407107.83
478360,7,25324643.3,25324647.48,133081903,99379362.27
478360,8,22647725.48,22647727.74,119014602.8,88874539.15
478360,11,25070005.75,25070006.07,131743780.5,98380103.49
478360,25,26297058.53,26297062.95,138191965.4,103195311.5
478360,30,23872790.71,23872794.27,125452375.7,93681988.43
478360,36,27113491.94,27113498.02,142482368.6,106399198
478380,2,23294984.05,23294986.55,122415969.4,91414532.17
478380,7,25320806.98,25320811.28,133061743.3,99364307.94
478380,8,22654596.89,22654599.18,119050712.5,88901504.19
478380,11,25067230.02,25067230.31,131729194.2,98369211.14
478380,25,26305742.23,26305746.9,138237599.7,103229389.1
478380,30,23866156.27,23866159.88,125417511.7,93655953.66
478380,36,27103486.12,27103492.07,142429786.7,106359932.2
478400,2,23296893.42,23296895.9,122426003.2,91422024.96
478400,7,25317004.62,25317008.85,133041761.5,99349386.47
478400,8,22661498.4,22661500.71,119086980,88928587.02
478400,11,25064489.98,25064490.65,131714798.1,98358460.8
478400,25,26314430.63,26314435,138283255.8,103263482.9
478400,30,23859536.52,23859540.15,125382724.6,93629976.3
478400,36,27093493.7,27093499.98,142377277.7,106320721
478420,2,23298820.34,23298822.7,122436128.6,91429586.12
478420,7,25313236.02,25313240.39,133021958,99334598.15
478420,8,22668429.81,22668432.14,119123404.9,88955787.46
478420,11,25061787.41,25061787.54,131700592.4,98347852.69
478420,25,26323122.84,26323127.21,138328933.7,103297593
478420,30,23852931.33,23852935.02,125348014.5,93604056.45
478420,36,27083515.75,27083521.83,142324842.5,106281564.8
478440,2,23300764.48,23300766.91,122446345.3,91437215.46
478440,7,25309501.86,25309505.82,133002333,99319943.11
478440,8,22675391,22675393.47,119159986.9,88983105.18
478440,11,25059120.22,25059120.58,131686577.4,98337386.99
478440,25,26331819.08,26331823.46,138374633.1,103331719.2
478440,30,23846341.05,23846344.46,125313381.4,93578194.04
478440,36,27073551.66,27073557.66,142272481.5,106242464.1
478460,2,23302726.02,23302728.4,122456653.2,91444912.91
478460,7,25305801.21,25305805.32,132982886.8,99305421.61
478460,8,22682382.15,22682384.61,119196725.7,89010539.96
478460,11,25056489.59,25056490.01,131672753.4,98327063.9
478460,25,26340519.46,26340523.85,138420353.9,103365861.3
478460,30,23839765.16,23839768.7,125278825.2,93552389.13
478460,36,27063601.98,27063607.96,142220195.4,106203419.4
478480,2,23304704.83,23304707.21,122467051.9,91452678.2
478480,7,25302134.68,25302138.84,132963619.5,99291033.73
478480,8,22689403.02,22689405.6,119233620.7,89038091.39
478480,11,25053895.34,25053895.6,131659120.5,98316883.46
478480,25,26349223.8,26349228.27,138466095.7,103400019.2
478480,30,23833203.9,23833207.42,125244345.8,93526641.59
478480,36,27053666.7,27053672.47,142167984.8,106164431
478500,2,23306700.9,23306703.32,122477541.5,91460511.33
478500,7,25298502.32,25298506.65,132944531.7,99276779.81
478500,8,22696453.62,22696456.07,119270671.7,89065759.38
478500,11,25051337.67,25051337.79,131645679,98306846
478500,25,26357932.31,26357936.65,138511858.7,103434192.9
478500,30,23826657.27,23826660.9,125209943.5,93500951.58
478500,36,27043745.91,27043751.87,142115850.5,106125499.5
478520,2,23308714.38,23308716.61,122488121.6,91468412.11
478520,7,25294904.26,25294908.56,132925623.4,99262660
478520,8,22703533.88,22703536.22,119307878.3,89093543.54
478520,11,25048815.93,25048816.42,131632429,98296951.61
478520,25,26366644.68,26366648.96,138557642.5,103468382.1
478520,30,23820125.46,23820128.9,125175618.1,93475319
478520,36,27033839.43,27033845.62,142063793,106086625.5
478540,2,23310744.87,23310747.25,122498792.3,91476380.48
478540,7,25291340.33,25291344.53,132906895,99248674.55
478540,8,22710643.59,22710646.07,119345240.3,89121443.69
478540,11,25046330.95,25046331.44,131619371,98287200.51
478540,25,26375360.95,26375365.42,138603447.1,103502586.8
478540,30,23813608.08,23813611.7,125141369.8,93449743.94
478540,36,27023947.86,27023954.16,142011813,106047809.3
478560,2,23312792.57,23312794.98,122509553.1,91484416.15
478560,7,25287810.75,25287814.95,132888346.7,99234823.53
478560,8,22717782.64,22717785.25,119382757,89149459.41
478560,11,25043882.83,25043883.22,131606505,98277592.8
478560,25,26384081.06,26384085.61,138649272.2,103536806.8
478560,30,23807105.35,23807109.07,125107198.2,93424226.27
478560,36,27014071.35,27014077.57,141959911,106009051.3
478580,2,23314857.45,23314859.81,122520404.2,91492519.21
478580,7,25284315.52,25284319.71,132869978.9,99221107.32
478580,8,22724951.54,22724953.89,119420428.4,89177590.63
478580,11,25041471.23,25041471.31,131593831.3,98268128.77
478580,25,26392805.55,26392809.65,138695117.8,103571042.2
478580,30,23800617.59,23800621.01,125073103.8,93398766.14
478580,36,27004209.38,27004215.76,141908087.8,105970352.2
478600,2,23316939.37,23316941.85,122531345.1,91500689.41
478600,7,25280854.49,25280858.75,132851791.8,99207526.04
478600,8,22732149.53,22732151.85,119458253.9,89205836.97
478600,11,25039096.13,25039096.29,131581350.3,98258808.53
478600,25,26401533.23,26401537.57,138740983.7,103605292.7
478600,30,23794144.18,23794147.6,125039086.3,93373363.52
478600,36,26994362.96,26994369.3,141856344.1,105931712.4
478620,2,23319038.58,23319040.87,122542375.8,91508926.6
478620,7,25277428.08,25277432.25,132833785.6,99194079.83
478620,8,22739376.53,22739379.13,119496233.2,89234198.11
478620,11,25036757.7,25036758.12,131569062,98249632.21
478620,25,26410265.12,26410269.41,138786869.7,103639558.2
478620,30,23787685.42,23787688.96,125005145.8,93348018.34
478620,36,26984531.83,26984537.84,141804680.3,105893132.4
478640,2,23321154.65,23321156.92,122553495.9,91517230.61
478640,7,25274036.16,25274040.3,132815960.4,99180768.86
478640,8,22746632.95,22746635.5,119534365.8,89262673.75
478640,11,25034455.68,25034456.22,131556966.5,98240599.94
478640,25,26419000.66,26419004.95,138832775.5,103673838.5
478640,30,23781241.6,23781244.95,124971282.1,93322730.56
478640,36,26974715.59,26974721.99,141753097,105854612.4
478660,2,23323287.72,23323290.09,122564705.5,91525601.37
478660,7,25270678.63,25270682.74,132798316.8,99167593.39
478660,8,22753918.52,22753920.99,119572651.4,89291263.67
478660,11,25032191.03,25032191.18,131545064.2,98231711.93
478660,25,26427739.84,26427744.43,138878701.1,103708133.6
478660,30,23774812.02,23774815.48,124937495.5,93297500.28
478660,36,26964915.54,26964921.39,141701595,105816153.2
478680,2,23325437.84,23325440.18,122576004.3,91534038.78
478680,7,25267355.65,25267359.77,132780854.8,99154553.62
478680,8,22761233.26,22761235.56,119611089.7,89319967.6
478680,11,25029963.02,25029963.2,131533355.4,98222968.3
478680,25,26436483.09,26436487.53,138924646.4,103742443.4
478680,30,23768397.35,23768400.75,124903785.8,93272327.5
478680,36,26955130.58,26955136.46,141650175,105777755.1
478700,2,23327604.69,23327607.11,122587392,91542542.61
478700,7,25264067.36,25264071.64,132763574.7,99141649.65
478700,8,22768576.65,22768579.07,119649680.2,89348785.17
478700,11,25027771.45,25027771.94,131521840.1,98214369.21
478700,25,26445229.88,26445234.17,138970611.1,103776767.7
478700,30,23761997.3,23762000.64,124870153,93247212.11
478700,36,26945361.63,26945367.06,141598837.4,105739418.6
478720,2,23329788.71,23329791.11,122598868.8,91551112.91
478720,7,25260813.86,25260818.09,132746477,99128881.86
478720,8,22775949.01,22775951.59,119688422.8,89377716.28
478720,11,25025617.01,25025617.28,131510518.7,98205915
478720,25,26453980.34,26453984.84,139016595.3,103811106.5
478720,30,23755611.75,23755615.15,124836597.3,93222154.32
478720,36,26935607.94,26935613.72,141547583.1,105701144.3
478740,2,23331989.54,23331991.93,122610434.2,91559749.44
478740,7,25257594.88,25257599.12,132729561.7,99116250.29
478740,8,22783350.29,22783352.83,119727316.8,89406760.52
478740,11,25023499.55,25023500,131499391.3,98197605.62
478740,25,26462734.47,26462739.1,139062598.7,103845459.7
478740,30,23749240.8,23749244.38,124803118.6,93197154.02
478740,36,26925870.63,26925876.21,141496412.6,105662932.6
478760,2,23334207.23,23334209.6,122622088.2,91568452.08
478760,7,25254410.71,25254414.97,132712829.1,99103755.16
478760,8,22790780.38,22790782.79,119766362,89435917.62
478760,11,25021418.81,25021419.31,131488458.2,98189441.3
478760,25,26471492.23,26471496.82,139108621.2,103879827.1
478760,30,23742884.9,23742888.14,124769716.9,93172211.19
478760,36,26916149.06,26916155.02,141445326.5,105624783.9
478780,2,23336441.73,23336444.12,122633830.4,91577220.63
478780,7,25251261.48,25251265.76,132696279.3,99091396.56
478780,8,22798239.11,22798241.65,119805557.8,89465187.19
478780,11,25019375.52,25019375.84,131477719.4,98181422.07
478780,25,26480253.88,26480258.15,139154662.5,103914208.6
478780,30,23736543.24,23736546.71,124736392,93147325.77
478780,36,26906444.08,26906449.77,141394325.4,105586698.7
478800,2,23338692.88,23338695.31,122645660.7,91586055
478800,7,25248147.02,25248151.21,132679912.7,99079174.74
478800,8,22805726.38,22805728.88,119844903.9,89494569.02
478800,11,25017368.85,25017369.25,131467175.1,98173548.13
478800,25,26489018.65,26489023.07,139200722.5,103948604.1
478800,30,23730216.34,23730219.81,124703144.1,93122497.82
478800,36,26896755.05,26896760.93,141343410,105548677.4
478820,2,23340960.93,23340963.31,122657579.2,91594955.19
478820,7,25245067.47,25245071.71,132663729.6,99067089.97
478820,8,22813242.31,22813244.73,119884400.1,89524062.91
478820,11,25015399.79,25015399.86,131456825.8,98165819.8
478820,25,26497786.96,26497791.47,139246801.3,103983013.5
478820,30,23723904.19,23723907.58,124669973.4,93097727.44
478820,36,26887082.88,26887088.55,141292581,105510720.7
478840,2,23343245.7,23343248.04,122669585.5,91603920.88
478840,7,25242022.82,25242027.07,132647730.1,99055142.26
478840,8,22820786.64,22820789.07,119924045.7,89553668.43
478840,11,25013467.04,25013467.34,131446671.4,98158236.98
478840,25,26506559.09,26506563.59,139292898.4,104017436.7
478840,30,23717606.53,23717610.02,124636879.4,93073014.46
478840,36,26877426.66,26877432.59,141241838.8,105472828.8
478860,2,23345547.02,23345549.37,122681679.2,91612951.9
478860,7,25239013.07,25239017.47,132631914.2,99043331.76
478860,8,22828359.33,22828361.74,119963840.3,89583385.19
478860,11,25011571.91,25011572.07,131436712,98150799.77
478860,25,26515334.5,26515339.07,139339013.7,104051873.4
478860,30,23711323.61,23711327,124603862.3,93048358.81
478860,36,26867787.63,26867793.26,141191184,105435002.2
478880,2,23347864.9,23347867.43,122693860.4,91622048.3
478880,7,25236038.55,25236042.79,132616282.6,99031658.8
478880,8,22835960.4,22835962.74,120003783.8,89613213.09
478880,11,25009713.81,25009714.18,131426947.9,98143508.49
478880,25,26524113.52,26524117.94,139385147.2,104086323.8
478880,30,23705055.41,23705058.75,124570922.2,93023760.71
478880,36,26858164.79,26858170.8,141140617.5,105397241.6
478900,2,23350199.63,23350202.05,122706128.9,91631209.82
478900,7,25233099.16,25233103.33,132600835.3,99020123.42
478900,8,22843589.59,22843591.88,120043875.5,89643151.71
478900,11,25007893.11,25007893.21,131417379.3,98136363.13
478900,25,26532895.58,26532900.3,139431298.7,104120787.5
478900,30,23698801.67,23698805.13,124538059,92999220
478900,36,26848559.13,26848565.11,141090139.7,105359547.1
478920,2,23352550.88,23352553.26,122718484.6,91640436.45
478920,7,25230194.68,25230198.95,132585572.5,99008725.91
478920,8,22851246.98,22851249.3,120084115.3,89673200.87
478920,11,25006109.48,25006109.63,131408006.5,98129363.98
478920,25,26541681.38,26541686.02,139477468.1,104155264.7
478920,30,23692562.79,23692566.04,124505272.8,92974736.81
478920,36,26838970.66,26838976.71,141039751.5,105321919.5
478940,2,23354918.6,23354921.02,122730927.4,91649728.15
478940,7,25227325.43,25227329.75,132570494.7,98997466.52
478940,8,22858932.19,22858934.79,120124502.7,89703360.32
478940,11,25004363.4,25004363.34,131398829.7,98122511.22
478940,25,26550470.83,26550475.28,139523655.4,104189755.2
478940,30,23686338.38,23686341.72,124472563.7,92950311.2
478940,36,26829399.51,26829405.46,140989453.5,105284359.3
478960,2,23357302.92,23357305.27,122743456.8,91659084.57
478960,7,25224491.37,25224495.68,132555601.8,98986345.22
478960,8,22866645.91,22866648.25,120165037.2,89733629.58
478960,11,25002654.32,25002654.31,131389848.9,98115804.77
478960,25,26559263.12,26559267.65,139569860.2,104224258.8
478960,30,23680128.61,23680131.96,124439931.4,92925942.96
478960,36,26819845.3,26819851.16,140939246.1,105246866.7
478980,2,23359703.7,23359706.09,122756073,91668505.73
478980,7,25221692.59,25221696.98,132540894.3,98975362.28
478980,8,22874387.44,22874389.71,120205718.5,89764008.48
478980,11,25000982.64,25000982.66,131381064.3,98109244.89
478980,25,26568058.99,26568063.35,139616082.6,104258775.5
478980,30,23673933.52,23673936.91,124407376.2,92901632.22
478980,36,26810308.61,26810314.36,140889130.1,105209442.4
479000,2,23362120.87,23362123.29,122768775.5,91677991.41
479000,7,25218929.09,25218933.55,132526372.1,98964517.8
479000,8,22882156.48,22882159.03,120246546.2,89794496.64
479000,11,24999348.06,24999348.33,131372476.1,98102831.63
479000,25,26576858.1,26576862.81,139662322.3,104293305.1
479000,30,23667753.24,23667756.42,124374897.8,92877378.94
479000,36,26800789.31,26800795.12,140839106,105172086.8
479020,2,23364554.52,23364556.89,122781564.3,91687541.43
479020,7,25216200.87,25216205.33,132512035.5,98953811.9
479020,8,22889953.5,22889955.81,120287519.6,89825093.68
479020,11,24997751.27,24997751.38,131364084.3,98096565.02
479020,25,26585660.23,26585665.02,139708579,104327847.5
479020,30,23661587.3,23661590.68,124342496.3,92853183.01
479020,36,26791287.68,26791293.67,140789174.4,105134800.2
479040,2,23367004.35,23367006.82,122794439.1,91697155.78
479040,7,25213508.13,25213512.54,132497884.8,98943244.83
479040,8,22897778.18,22897780.54,120328638.6,89855799.42
479040,11,24996191.86,24996191.92,131355889.2,98090445.35
479040,25,26594466.35,26594470.74,139754852.9,104362402.6
479040,30,23655436.09,23655439.52,124310171.8,92829044.58
479040,36,26781803.58,26781809.77,140739336.1,105097583.2
479060,2,23369470.93,23369473.22,122807400,91706834.33
479060,7,25210850.84,25210855.18,132483920.2,98932816.75
479060,8,22905630.55,22905632.82,120369902.7,89886613.52
479060,11,24994669.77,24994669.98,131347891,98084472.69
479060,25,26603275.03,26603279.57,139801143.6,104396970.4
479060,30,23649299.6,23649302.99,124277924.2,92804963.61
479060,36,26772337.82,26772343.53,140689591.5,105060436.3
479080,2,23371953.58,23371955.89,122820446.7,91716576.99
479080,7,25208229.1,25208233.27,132470142,98922527.85
479080,8,22913510.41,22913512.78,120411311.6,89917535.73
479080,11,24993185.31,24993185.51,131340090,98078647.24
479080,25,26612087.09,26612091.5,139847451.3,104431550.7
479080,30,23643177.69,23643181.16,124245753.6,92780940.14
479080,36,26762889.58,26762895.63,140639941.5,105023360
479100,2,23374452.55,23374454.88,122833578.9,91726383.55
479100,7,25205642.66,25205646.86,132456550.3,98912378.2
479100,8,22921417.64,22921420,120452864.7,89948565.66
479100,11,24991738.11,24991738.59,131332486,98072968.98
479100,25,26620902.13,26620906.93,139893775.5,104466143.5
479100,30,23637070.59,23637073.92,124213659.9,92756974.1
479100,36,26753459.67,26753465.5,140590386.6,104986354.6
479120,2,23376967.85,23376970.15,122846796.6,91736253.88
479120,7,25203091.54,25203095.89,132443145.3,98902367.99
479120,8,22929352.38,22929354.77,120494561.7,89979703.01
479120,11,24990328.99,24990329.25,131325079.4,98067438.04
479120,25,26629720.63,26629725.22,139940116.3,104500748.6
479120,30,23630977.84,23630981.27,124181643.2,92733065.47
479120,36,26744047.85,26744053.73,140540927.3,104949420.8
479140,2,23379499.18,23379501.6,122860099.4,91746187.79
479140,7,25200576.48,25200580.56,132429927.1,98892497.22
479140,8,22937314.15,22937316.63,120536402,90010947.34
479140,11,24988956.77,24988957.24,131317870,98062054.43
479140,25,26638541.91,26638546.62,139986473.3,104535365.8
479140,30,23624899.8,23624903.35,124149703.1,92709214.15
479140,36,26734654.2,26734660.23,140491564.2,104912558.7
479160,2,23382046.81,23382049.15,122873487.3,91756185.29
479160,7,25198096.68,25198100.81,132416896.1,98882766.25
479160,8,22945303.54,22945305.88,120578385.3,90042298.52
479160,11,24987622.63,24987622.93,131310858.3,98056818.46
479160,25,26647366.89,26647371.23,140032846.6,104569995.2
479160,30,23618836.51,23618839.95,124117840.1,92685420.32
479160,36,26725279.2,26725285.36,140442298.1,104875769.1
479180,2,23384610.56,23384613.04,122886960.2,91766246.15
479180,7,25195652.58,25195656.77,132404052.2,98873175.1
479180,8,22953319.73,22953322.19,120620511.2,90073756.14
479180,11,24986325.89,24986326.12,131304044.4,98051730.11
479180,25,26656194.35,26656198.79,140079236,104604636.6
479180,30,23612787.9,23612791.2,124086053.8,92661683.87
479180,36,26715922.6,26715928.7,140393129.5,104839052.2
479200,2,23387190.65,23387192.94,122900517.9,91776370.41
479200,7,25193244.12,25193248.3,132391396.1,98863724.06
479200,8,22961363.1,22961365.62,120662779.3,90105320.02
479200,11,24985067.01,24985067.15,131297428.4,98046789.6
479200,25,26665025.16,26665029.41,140125641.4,104639290
479200,30,23606753.74,23606757.14,124054344.6,92638004.92
479200,36,26706584.95,26706591.03,140344059.2,104802408.8
479220,2,23389786.62,23389789.02,122914160.1,91786557.76
479220,7,25190871.61,25190875.64,132378927.5,98854413.08
479220,8,22969433.51,22969435.93,120705189.1,90136989.66
479220,11,24983845.84,24983845.76,131291010.3,98041996.85
479220,25,26673858.73,26673863.11,140172062.7,104673955.2
479220,30,23600734.35,23600737.64,124022712.2,92614383.31
479220,36,26697265.89,26697272.15,140295087.5,104765839.1
479240,2,23392398.67,23392401.11,122927886.7,91796808.19
479240,7,25188534.59,25188538.75,132366646.8,98845242.48
479240,8,22977530.64,22977533.03,120747740.3,90168764.87
479240,11,24982662.33,24982662.16,131284790.4,98037352.16
479240,25,26682695.39,26682699.91,140218499.7,104708632.2
479240,30,23594729.48,23594732.93,123991156.7,92590819.16
479240,36,26687965.56,26687972.05,140246215.3,104729343.6
479260,2,23395026.78,23395029.16,122941697.5,91807121.43
479260,7,25186233.38,25186237.55,132354554.1,98836212.19
479260,8,22985654.78,22985657.15,120790432.2,90200645.17
479260,11,24981516.16,24981516.31,131278768.7,98032855.39
479260,25,26691534.95,26691539.4,140264952.1,104743320.7
479260,30,23588739.4,23588742.65,123959677.9,92567312.29
479260,36,26678685.02,26678690.98,140197443,104692922.7
479280,2,23397671.06,23397673.35,122955592.3,91817497.45
479280,7,25183967.88,25183972.23,132342649.6,98827322.47
479280,8,22993805.32,22993807.88,120833264.5,90232630.33
479280,11,24980408.17,24980408.05,131272945.2,98028506.76
479280,25,26700377.46,26700382.07,140311420,104778020.7
479280,30,23582763.76,23582767.07,123928276,92543862.81
479280,36,26669422.89,26669429,140148771.3,104656577
479300,2,23400331.08,23400333.42,122969571.2,91827936.2
479300,7,25181738.56,25181742.73,132330933.6,98818573.55
479300,8,23001982.92,23001985.29,120876237,90264720.15
479300,11,24979337.84,24979337.75,131267320.5,98024306.44
479300,25,26709222.96,26709227.51,140357903.3,104812732.3
479300,30,23576802.64,23576806.1,123896951,92520470.77
479300,36,26660180.34,26660186.4,140100201,104620306.9
479320,2,23403006.99,23403009.41,122983633.5,91838437.3
479320,7,25179544.81,25179549.02,132319406,98809965.26
479320,8,23010186.88,23010189.2,120919348.7,90296913.98
479320,11,24978305.16,24978305.32,131261894.1,98020254.27
479320,25,26718071.61,26718075.96,140404401.6,104847455
479320,30,23570856.25,23570859.67,123865702.5,92497135.92
479320,36,26650956.93,26650963.14,140051732.2,104584112.7
479340,2,23405698.91,23405701.23,122997779.4,91849000.77
479340,7,25177387.32,25177391.27,132308067.1,98801497.9
479340,8,23018417.13,23018419.6,120962599.6,90329211.67
479340,11,24977310.18,24977310.47,131256666.3,98016350.44
479340,25,26726922.52,26726927.16,140450914.8,104882188.9
479340,30,23564924.62,23564927.95,123834530.9,92473858.37
479340,36,26641753.26,26641759.2,140003365.8,104547994.9
479360,2,23408406.63,23408408.92,123012008.8,91859626.64
479360,7,25175265.41,25175269.66,132296917.3,98793171.77
479360,8,23026673.77,23026676.42,121005989.2,90361613.03
479360,11,24976353.22,24976353.43,131251637.6,98012595.22
479360,25,26735776.67,26735781.34,140497443.2,104916934.1
479360,30,23559007.32,23559010.78,123803436.2,92450638.33
479360,36,26632569.29,26632575.1,139955102.6,104511954.3
479380,2,23411130.17,23411132.61,123026321.5,91870314.67
479380,7,25173179.68,25173183.89,132285956.7,98784986.84
479380,8,23034956.81,23034959.33,121049517.1,90394117.64
479380,11,24975434.16,24975434.42,131246807.8,98008988.56
479380,25,26744633.56,26744638.14,140543986.4,104951690.3
479380,30,23553104.88,23553108.23,123772418.3,92427475.61
479380,36,26623404.56,26623410.46,139906943.1,104475991
479400,2,23413869.61,23413872,123040717.2,91881064.73
479400,7,25171129.85,25171134.23,132275185.3,98776943.28
479400,8,23043266.23,23043268.84,121093182.9,90426725.15
479400,11,24974553.36,24974553.2,131242177.1,98005530.54
479400,25,26753492.96,26753497.82,140590544.2,104986457.5
479400,30,23547216.96,23547220.29,123741477.1,92404370.25
479400,36,26614260.27,26614265.84,139858887.9,104440105.7
479420,2,23416624.76,23416627.22,123055196,91891876.77
479420,7,25169116.36,25169120.48,132264603.5,98769041.27
479420,8,23051601.83,23051604.35,121136986.1,90459435.31
479420,11,24973709.96,24973709.87,131237745.6,98002221.33
479420,25,26762355.42,26762360.18,140637116.8,105021235.7
479420,30,23541343.66,23541347.02,123710612.9,92381322.29
479420,36,26605135.2,26605141.35,139810937.7,104404298.7
479440,2,23419395.91,23419398.17,123069757.5,91902750.62
479440,7,25167138.72,25167142.97,132254211.3,98761280.88
479440,8,23059963.35,23059965.89,121180926.2,90492247.72
479440,11,24972904.47,24972904.61,131233513.4,97999060.95
479440,25,26771220.89,26771225.57,140683703.8,105056024.7
479440,30,23535485.1,23535488.39,123679825.5,92358331.66
479440,36,26596030.91,26596036.81,139763093,104368570.5
479460,2,23422182.5,23422184.87,123084401.7,91913686.21
479460,7,25165197.2,25165201.57,132244009,98753662.27
479460,8,23068350.91,23068353.36,121225002.9,90525162.13
479460,11,24972136.96,24972137.23,131229480.7,97996049.48
479460,25,26780088.84,26780093.74,140730305.2,105090824.4
479460,30,23529640.92,23529644.29,123649114.8,92335398.42
479460,36,26586946.25,26586952.4,139715354.5,104332921.6
479480,2,23424984.9,23424987.26,123099128.3,91924683.4
479480,7,25163291.95,25163296.24,132233996.7,98746185.56
479480,8,23076764.29,23076766.79,121269215.6,90558178.15
479480,11,24971407.6,24971407.88,131225647.5,97993187.02
479480,25,26788959.45,26788964.18,140776920.8,105125634.8
479480,30,23523811.61,23523814.94,123618481,92312522.55
479480,36,26577882.55,26577888.42,139667722.7,104297352.5
479500,2,23427802.95,23427805.31,123113937.4,91935742.08
479500,7,25161423.04,25161427.1,132224174.6,98738850.87
479500,8,23085203.55,23085205.93,121313564.1,90591295.48
479500,11,24970716.23,24970716.2,131222013.9,97990473.62
479500,25,26797832.95,26797837.73,140823550.7,105160455.7
479500,30,23517996.72,23518000.07,123587924.1,92289704.04
479500,36,26568838.91,26568844.73,139620198.4,104261863.6
479520,2,23430636.61,23430639.07,123128828.5,91946862.06
479520,7,25159589.81,25159594.19,132214542.7,98731658.24
479520,8,23093668.31,23093670.9,121358047.6,90624513.71
479520,11,24970062.35,24970062.97,131218580,97987909.3
479520,25,26806708.76,26806713.67,140870194.5,105195287.1
479520,30,23512196.7,23512199.95,123557443.8,92266942.81
479520,36,26559815.89,26559821.72,139572782,104226455.2
479540,2,23433485.9,23433488.34,123143801.5,91958043.22
479540,7,25157793.32,25157797.66,132205101.3,98724607.81
479540,8,23102158.84,23102161.48,121402665.9,90657832.52
479540,11,24969447.4,24969447.38,131215345.8,97985494.14
479540,25,26815587.52,26815592.27,140916852.1,105230128.9
479540,30,23506410.99,23506414.28,123527040.3,92244238.88
479540,36,26550813.48,26550819.3,139525474.1,104191127.9
479560,2,23436350.79,23436353.21,123158856.4,91969285.49
479560,7,25156033.16,25156037.22,132195850.5,98717699.73
479560,8,23110675.22,23110677.69,121447418.4,90691251.61
479560,11,24968869.59,24968869.96,131212311.4,97983228.22
479560,25,26824468.79,26824473.53,140963523.6,105264980.9
479560,30,23500639.95,23500643.31,123496713.5,92221592.29
479560,36,26541831.86,26541837.6,139478275.4,104155882.2
479580,2,23439231.09,23439233.63,123173992.9,91980588.72
479580,7,25154308.93,25154313.17,132186790.4,98710934.08
479580,8,23119216.54,23119219.27,121492304.7,90724770.6
479580,11,24968330.6,24968330.54,131209477,97981111.6
479580,25,26833352.77,26833357.46,141010208.7,105299843.1
479580,30,23494883.58,23494886.91,123466463.5,92199002.99
479580,36,26532871.14,26532876.74,139431186.4,104120718.4
479600,2,23442127.02,23442129.52,123189210.9,91991952.83
479600,7,25152621.26,25152625.37,132177921.2,98704311.01
479600,8,23127783.67,23127786.18,121537324.5,90758389.21
479600,11,24967829.16,24967829.17,131206842.6,97979144.33
479600,25,26842239.22,26842243.98,141056907.3,105334715.4
479600,30,23489141.76,23489145.08,123436290.2,92176471
479600,36,26523931.36,26523937.03,139384207.9,104085637.1
479620,2,23445038.45,23445040.88,123204510.3,92003377.68
479620,7,25150969.87,25150974,132169243.1,98697830.6
479620,8,23136375.79,23136378.44,121582477.1,90792107.06
479620,11,24967365.95,24967366.15,131204408.3,97977326.49
479620,25,26851128.38,26851132.97,141103619.3,105369597.8
479620,30,23483414.6,23483417.93,123406193.6,92153996.29
479620,36,26515012.66,26515018.36,139337340.3,104050638.6
479640,2,23447965.14,23447967.63,123219890.8,92014863.11
479640,7,25149354.84,25149359.07,132160756.1,98691492.92
479640,8,23144993.27,23144995.95,121627762.1,90825923.77
479640,11,24966940.72,24966941.03,131202174.1,97975658.12
479640,25,26860019.97,26860024.46,141150344.7,105404490.1
479640,30,23477701.93,23477705.34,123376173.7,92131578.85
479640,36,26506115.34,26506121.08,139290584.3,104015723.4
479660,2,23450907.42,23450909.93,123235352.3,92026409.02
479660,7,25147776.04,25147780.33,132152460.4,98685298.09
479660,8,23153635.91,23153638.53,121673179,90859839.02
479660,11,24966553.76,24966553.88,131200140.1,97974139.25
479660,25,26868913.94,26868918.73,141197083.2,105439392.2
479660,30,23472004.02,23472007.35,123346230.5,92109218.67
479660,36,26497239.23,26497244.93,139243940.3,103980892
479680,2,23453865.06,23453867.5,123250894.6,92038015.3
479680,7,25146233.93,25146238.21,132144356.2,98679246.22
479680,8,23162303.44,23162306.07,121718727.5,90893852.47
479680,11,24966204.98,24966205.16,131198306.4,97972769.92
479680,25,26877810.38,26877815.14,141243834.7,105474304
479680,30,23466320.61,23466324.02,123316364,92086915.72
479680,36,26488384.4,26488390.23,139197409.2,103946144.7
479700,2,23456838.08,23456840.51,123266517.6,92049681.8
479700,7,25144728.14,25144732.42,132136443.5,98673337.38
479700,8,23170995.95,23170998.6,121764407,90927963.77
479700,11,24965894.09,24965894.13,131196673.1,97971550.21
479700,25,26886709.4,26886714.14,141290599.2,105509225.5
479700,30,23460651.78,23460655.08,123286574,92064670.01
479700,36,26479551.48,26479557.38,139150991.4,103911482.1
479720,2,23459826.23,23459828.8,123282221.1,92061408.44
479720,7,25143258.89,25143263.3,132128722.5,98667571.69
479720,8,23179713.3,23179715.95,121810217,90962172.56
479720,11,24965621.46,24965621.41,131195240.2,97970480.16
479720,25,26895610.97,26895615.7,141337376.5,105544156.6
479720,30,23454997.6,23455000.92,123256860.8,92042481.53
479720,36,26470740.05,26470746.01,139104687.5,103876904.6
479740,2,23462829.91,23462832.32,123298004.9,92073195.07
479740,7,25141826.26,25141830.5,132121193.3,98661949.25
479740,8,23188455.52,23188457.99,121856157.2,90996478.51
479740,11,24965386.92,24965386.76,131194007.6,97969559.77
479740,25,26904514.71,26904519.49,141384166.6,105579097.2
479740,30,23449357.81,23449361.16,123227224.2,92020350.29
479740,36,26461950.36,26461956.41,139058498.1,103842412.6
479760,2,23465848.74,23465851.16,123313869,92085041.63
479760,7,25140430.01,25140434.3,132113856.1,98656470.16
479760,8,23197222.3,23197224.84,121902227,91030881.29
479760,11,24965190.49,24965190.57,131192975.7,97968789.15
479760,25,26913420.91,26913425.65,141430969.3,105614047.2
479760,30,23443732.81,23443736.11,123197664.2,91998276.28
479760,36,26453182.9,26453188.68,139012424,103808006.6
479780,2,23468882.86,23468885.33,123329813.2,92096948
479780,7,25139070.43,25139074.65,132106711,98651134.56
479780,8,23206013.77,23206016.24,121948426.1,91065380.57
479780,11,24965032.34,24965032.52,131192144.4,97968168.37
479780,25,26922329.57,26922334.46,141477784.5,105649006.6
479780,30,23438122.33,23438125.63,123168180.9,91976259.53
479780,36,26444437.26,26444443.04,138966465.6,103773687
479800,2,23471932.15,23471934.56,123345837.2,92108913.99
479800,7,25137747.29,25137751.58,132099758.1,98645942.42
479800,8,23214829.46,23214832.12,121994753.7,91099975.9
479800,11,24964912.15,24964912.28,131191513.6,97967697.32
479800,25,26931240.39,26931245.39,141524612.1,105683975.2
479800,30,23432526.28,23432529.71,123138774.1,91954299.93
479800,36,26435713.91,26435719.55,138920623.4,103739454.3
479820,2,23474996.52,23474998.98,123361940.9,92120939.46
479820,7,25136460.76,25136465.06,132092997.4,98640893.84
479820,8,23223670,23223672.35,122041209.6,91134666.95
479820,11,24964830.27,24964830.43,131191083.4,97967376.11
479820,25,26940154.15,26940158.72,141571451.9,105718953
479820,30,23426944.88,23426948.42,123109443.8,91932397.47
479820,36,26427012.41,26427018.14,138874898.1,103705308.8
479840,2,23478076.18,23478078.56,123378124.2,92133024.37
479840,7,25135210.88,25135215.09,132086429.1,98635988.96
479840,8,23232534.33,23232537.06,122087793.2,91169453.4
479840,11,24964786.89,24964786.7,131190854,97967204.76
479840,25,26949069.41,26949074.43,141618303.9,105753939.9
479840,30,23421378.06,23421381.58,123080190.2,91910552.23
479840,36,26418333.66,26418339.22,138829290.3,103671251.1
479860,2,23481170.84,23481173.23,123394387.1,92145168.73
479860,7,25133997.66,25134001.94,132080053.6,98631228
479860,8,23241423.15,23241425.85,122134504.3,91204335.04
479860,11,24964781.39,24964781.35,131190825.4,97967183.43
479860,25,26957987.5,26957992.38,141665168.2,105788935.9
479860,30,23415825.91,23415829.43,123051013.2,91888764.25
479860,36,26409677.33,26409682.9,138783800.7,103637281.7
479880,2,23484280.73,23484283.08,123410729.2,92157372.29
479880,7,25132821.15,25132825.36,132073870.7,98626610.9
479880,8,23250336.2,23250338.87,122181342.2,91239311.37
479880,11,24964813.96,24964814.07,131190997.6,97967312.05
479880,25,26966907.9,26966912.56,141712044.4,105823940.8
479880,30,23410288.37,23410291.76,123021912.9,91867033.45
479880,36,26401043.45,26401049.07,138738429.9,103603400.9
479900,2,23487405.48,23487407.92,123427150.5,92169634.93
479900,7,25131681.27,25131685.48,132067880.6,98622137.75
479900,8,23259273.16,23259275.77,122228306.4,91274382.04
479900,11,24964885.21,24964885.19,131191370.7,97967590.64
479900,25,26975830.27,26975835.11,141758932.5,105858954.7
479900,30,23404765.31,23404768.69,122992889,91845359.83
479900,36,26392432.37,26392437.69,138693178.3,103569609.1
479920,2,23490545.41,23490547.84,123443650.7,92181956.49
479920,7,25130578.07,25130582.36,132062083.2,98617808.57
479920,8,23268234.13,23268236.8,122275396.4,91309546.65
479920,11,24964994.21,24964994.46,131191944.5,97968019.16
479920,25,26984755.06,26984759.93,141805832.3,105893977.2
479920,30,23399256.66,23399260.11,122963941.7,91823743.28
479920,36,26383843.86,26383849.5,138648046.4,103535906.8
479940,2,23493700.33,23493702.68,123460229.7,92194336.93
479940,7,25129511.59,25129515.79,132056478.9,98613623.5
479940,8,23277218.96,23277221.65,122322611.8,91344804.9
479940,11,24965141.57,24965141.75,131192719.3,97968597.68
479940,25,26993682.27,26993687.01,141852743.8,105929008.5
479940,30,23393762.8,23393766.24,122935070.8,91802183.92
479940,36,26375278.41,26375284.11,138603035.1,103502294.5
479960,2,23496870.08,23496872.54,123476887.3,92206776.04
479960,7,25128481.86,25128486.05,132051067.6,98609582.54
479960,8,23286227.48,23286230.19,122369952,91380156.34
479960,11,24965327.14,24965327.32,131193694.9,97969326.2
479960,25,27002611.46,27002615.94,141899666.8,105964048.3
479960,30,23388283.47,23388286.78,122906276.5,91780681.62
479960,36,26366736.03,26366741.62,138558144.6,103468772.5
479980,2,23500055.04,23500057.35,123493623.6,92219273.88
479980,7,25127488.82,25127493.16,132045849.5,98605685.95
479980,8,23295259.81,23295262.45,122417416.8,91415600.82
479980,11,24965551.23,24965551.28,131194871.5,97970204.88
479980,25,27011542.71,27011547.35,141946601.4,105999096.9
479980,30,23382818.6,23382821.95,122877558.7,91759236.56
479980,36,26358216.65,26358222.42,138513375.9,103435341.4
480000,2,23503254.65,23503256.97,123510438.1,92231830.22
480000,7,25126532.58,25126537.01,132040824.7,98601933.66
480000,8,23304315.59,23304318.27,122465005.6,91451137.84
480000,11,24965813.48,24965813.36,131196249.1,97971233.57
480000,25,27020476.19,27020481.1,141993547.3,106034153.8
480000,30,23377368.26,23377371.76,122848917.4,91737848.61
480000,36,26349720.71,26349726.54,138468729.4,103402001.5
480020,2,23506469.34,23506471.67,123527331,92244444.99
480020,7,25125613.27,25125617.54,132035993.3,98598325.79
480020,8,23313395.12,23313397.62,122512717.8,91486767.06
480020,11,24966114,24966113.92,131197827.7,97972412.37
480020,25,27029411.96,27029416.75,142040504.5,106069219.3
480020,30,23371932.62,23371936.07,122820352.7,91716517.79
480020,36,26341248.2,26341253.85,138424205.6,103368753.3
480040,2,23509698.63,23509701.06,123544301.8,92257118.01
480040,7,25124730.73,25124734.9,132031355.3,98594862.32
480040,8,23322497.66,23322500.29,122560552.9,91522488.07
480040,11,24966452.5,24966452.39,131199607.2,97973741.2
480040,25,27038349.76,27038354.45,142087472.8,106104293
480040,30,23366511.46,23366514.84,122791864.3,91695244.01
480040,36,26332799.01,26332804.64,138379805.1,103335597.2
480060,2,23512943,23512945.4,123561350.7,92269849.29
480060,7,25123885.01,25123889.22,132026910.9,98591543.46
480060,8,23331623.81,23331626.27,122608510.6,91558300.63
480060,11,24966829.41,24966829.53,131201587.8,97975220.21
480060,25,27047289.58,27047294.59,142134452.3,106139375
480060,30,23361104.81,23361108.23,122763452.5,91674027.42
480060,36,26324373.43,26324379.02,138335528.7,103302533.6
480080,2,23516202.06,23516204.44,123578477.2,92282638.57
480080,7,25123075.98,25123080.34,132022660,98588369.1
480080,8,23340772.81,23340775.52,122656590.1,91594204.19
480080,11,24967244.31,24967244.59,131203769.2,97976849.21
480080,25,27056231.5,27056236.53,142181442.6,106174465.2
480080,30,23355712.77,23355716.2,122735117,91652867.81
480080,36,26315971.56,26315977.14,138291376.6,103269563
480100,2,23519476.07,23519478.33,123595681.4,92295485.92
480100,7,25122304.11,25122308.29,132018603,98585339.52
480100,8,23349945.39,23349947.93,122704791.4,91630198.62
480100,11,24967698,24967698.06,131206151.9,97978628.44
480100,25,27065175.53,27065180.6,142228444,106209563.6
480100,30,23350335.36,23350338.69,122706858.1,91631765.41
480100,36,26307593.36,26307599.22,138247349.8,103236685.9
480120,2,23522764.5,23522766.95,123612963,92308390.99
480120,7,25121568.84,25121573.07,132014739.6,98582454.52
480120,8,23359140.87,23359143.25,122753113.5,91666283.31
480120,11,24968189.34,24968189.74,131208735.4,97980557.67
480120,25,27074121.94,27074126.68,142275456,106244669.9
480120,30,23344972.2,23344975.7,122678675.5,91610719.95
480120,36,26299239.2,26299244.97,138203448.5,103203902.5
480140,2,23526067.81,23526070.22,123630322,92321353.83
480140,7,25120870.54,25120874.84,132011070.1,98579714.3
480140,8,23368359.19,23368361.7,122801556.2,91702458
480140,11,24968719.46,24968719.55,131211519.9,97982637.02
480140,25,27083070.1,27083074.84,142322478.6,106279784.2
480140,30,23339623.88,23339627.23,122650569.3,91589731.57
480140,36,26290909.24,26290914.81,138159673.4,103171213.4
480160,2,23529385.77,23529388.19,123647758.1,92334374.3
480160,7,25120209.21,25120213.52,132007594.6,98577118.91
480160,8,23377600.41,23377602.88,122850118.9,91738722.36
480160,11,24969287.47,24969287.8,131214505.5,97984866.49
480160,25,27092019.93,27092025.06,142369511.9,106314906.4
480160,30,23334290.1,23334293.39,122622539.5,91568800.24
480160,36,26282603.03,26282608.66,138116025.2,103138618.9
480180,2,23532718.41,23532720.81,123665271.2,92347452.3
480180,7,25119584.77,25119588.98,132004313,98574668.41
480180,8,23386864.22,23386866.93,122898801.2,91775075.99
480180,11,24969893.93,24969894.16,131217692.1,97987246.07
480180,25,27100972.22,27100977.15,142416555.7,106350036.5
480180,30,23328970.64,23328973.9,122594586.1,91547925.97
480180,36,26274321.23,26274326.92,138072504.3,103106119.7
480200,2,23536065.78,23536068.17,123682861.4,92360587.78
480200,7,25118997.23,25119001.49,132001225.7,98572362.93
480200,8,23396150.84,23396153.59,122947602.6,91811518.62
480200,11,24970538.24,24970538.85,131221079.8,97989775.83
480200,25,27109926.38,27109931.31,142463610,106385174.4
480200,30,23323665.8,23323669.19,122566709.2,91527108.78
480200,36,26266063.61,26266069.52,138029111.4,103073716
480220,2,23539427.62,23539430.05,123700528.2,92373780.55
480220,7,25118446.59,25118450.93,131998332.5,98570202.39
480220,8,23405460.05,23405462.81,122996522.6,91848049.75
480220,11,24971221.34,24971221.9,131224668.5,97992455.66
480220,25,27118882.58,27118887.41,142510674.6,106420320
480220,30,23318375.65,23318378.82,122538908.6,91506348.61
480220,36,26257831,26257836.53,137985847.1,103041408.3
480240,2,23542804.09,23542806.48,123718271.5,92387030.4
480240,7,25117932.97,25117937.25,131995633.3,98568186.77
480240,8,23414791.44,23414794.41,123045560.5,91884668.93
480240,11,24971942.96,24971942.91,131228458,97995285.43
480240,25,27127840.5,27127845.32,142557749.2,106455473.1
480240,30,23313099.69,23313103.12,122511184.2,91485645.34
480240,36,26249622.67,26249628.08,137942711.7,103009196.8
480260,2,23546195.1,23546197.52,123736091.3,92400337.39
480260,7,25117456.36,25117460.67,131993128.4,98566316.28
480260,8,23424145.77,23424148.35,123094716,91921375.95
480260,11,24972702.19,24972702.31,131232448.5,97998265.36
480260,25,27136800.68,27136805.48,142604834.1,106490633.8
480260,30,23307838.54,23307841.88,122483536.2,91464999.12
480260,36,26241438.73,26241444.31,137899706,102977082.2
480280,2,23549600.66,23549602.96,123753987.3,92413701.27
480280,7,25117016.63,25117021.06,131990817.8,98564590.8
480280,8,23433521.65,23433524.61,123143988.5,91958170.31
480280,11,24973499.84,24973499.9,131236639.8,98001395.25
480280,25,27145762.19,27145767.3,142651928.8,106525802
480280,30,23302591.8,23302595.07,122455964.4,91444409.79
480280,36,26233279.83,26233285.21,137856830.3,102945064.7
480300,2,23553020.51,23553023,123771959.4,92427122.03
480300,7,25116614.04,25116618.33,131988701.6,98563010.5
480300,8,23442920.37,23442922.95,123193377.5,91995051.73
480300,11,24974335.67,24974335.74,131241032.2,98004675.19
480300,25,27154726.2,27154730.91,142699033.5,106560977.5
480300,30,23297359.57,23297362.9,122428468.9,91423877.48
480300,36,26225145.43,26225151.13,137814085.5,102913145
480320,2,23556455.03,23556457.41,123790007.6,92440599.55
480320,7,25116248.29,25116252.63,131986779.8,98561575.38
480320,8,23452340.91,23452343.42,123242882.6,92032019.8
480320,11,24975210.03,24975209.88,131245625.3,98008105.14
480320,25,27163691.77,27163696.42,142746148.1,106596160.4
480320,30,23292141.85,23292145.09,122401049.7,91403402.13
480320,36,26217036.63,26217041.83,137771471.9,102881323.2
480340,2,23559903.91,23559906.4,123808131.7,92454133.76
480340,7,25115919.55,25115923.91,131985052.5,98560285.54
480340,8,23461783.22,23461785.9,123292503.3,92069074.22
480340,11,24976121.97,24976122.01,131250419.4,98011685.09
480340,25,27172659.11,27172664.05,142793272.4,106631350.7
480340,30,23286938.61,23286941.93,122373706.9,91382983.77
480340,36,26208952.19,26208957.91,137728990.4,102849600
480360,2,23563367.25,23563369.66,123826331.5,92467724.57
480360,7,25115627.91,25115632.31,131983519.8,98559141.01
480360,8,23471247.7,23471250.41,123342239.2,92106214.6
480360,11,24977072.46,24977072.7,131255414.3,98015415.09
480360,25,27181628.48,27181633.4,142840406.5,106666548.2
480360,30,23281750.1,23281753.25,122346440.4,91362622.42
480360,36,26200893.89,26200899.17,137686641.3,102817975.8
480380,2,23566844.93,23566847.33,123844607,92481371.8
480380,7,25115373.39,25115377.63,131982181.7,98558141.77
480380,8,23480734.07,23480736.61,123392089.5,92143440.49
480380,11,24978061.41,24978061.32,131260610.1,98019295
480380,25,27190599.93,27190604.5,142887550.2,106701752.9
480380,30,23276575.77,23276579.18,122319250.1,91342317.99
480380,36,26192860.28,26192865.54,137644425.2,102786450.8
480400,2,23570336.91,23570339.46,123862957.9,92495075.41
480400,7,25115155.79,25115160.06,131981038.3,98557287.9
480400,8,23490241.85,23490244.66,123442054,92180751.6
480400,11,24979088.18,24979088.38,131266006.6,98023324.87
480400,25,27199572.89,27199577.52,142934703.4,106736964.7
480400,30,23271416.26,23271419.6,122292136.1,91322070.56
480400,36,26184852.14,26184857.51,137602342.8,102755025.7
480420,2,23573843.45,23573845.86,123881384.1,92508835.24
480420,7,25114975.2,25114979.46,131980089.5,98556579.38
480420,8,23499771.41,23499774.19,123492132,92218147.48
480420,11,24980153.05,24980153.32,131271603.9,98027504.64
480420,25,27208547.44,27208552.36,142981866.1,106772183.5
480420,30,23266271.1,23266274.43,122265098.4,91301880.03
480420,36,26176869.87,26176874.97,137560394.4,102723700.7
480440,2,23577364.19,23577366.54,123899885.5,92522651.25
480440,7,25114831.83,25114835.98,131979335.5,98556016.29
480440,8,23509322.42,23509325.3,123542323.1,92255627.82
480440,11,24981256.22,24981256.75,131277401.8,98031834.28
480440,25,27217523.82,27217528.86,143029038.1,106807409.3
480440,30,23261140.46,23261143.81,122238136.9,91281746.45
480440,36,26168912.81,26168918.03,137518580.8,102692476.2
480460,2,23580899.15,23580901.56,123918461.9,92536523.23
480460,7,25114725.24,25114729.57,131978776.1,98555598.59
480460,8,23518894.97,23518897.72,123592626.6,92293192.16
480460,11,24982397.81,24982398.27,131283400.4,98036313.72
480460,25,27226502.41,27226507.07,143076219.3,106842642
480460,30,23256024.47,23256027.75,122211251.5,91261669.76
480460,36,26160981.59,26160986.87,137476902.3,102661352.8
480480,2,23584448.34,23584450.69,123937113.3,92550451.16
480480,7,25114656.06,25114660.23,131978411.6,98555326.36
480480,8,23528488.68,23528491.58,123643042.2,92330840.16
480480,11,24983577.45,24983577.95,131289599.6,98040942.99
480480,25,27235482.3,27235487.24,143123409.7,106877881.6
480480,30,23250922.74,23250926.09,122184442.4,91241649.99
480480,36,26153076.3,26153081.5,137435359.7,102630330.7
480500,2,23588011.68,23588014.16,123955839.3,92564434.86
480500,7,25114623.54,25114627.83,131978241.7,98555199.53
480500,8,23538103.82,23538106.65,123693569.3,92368571.36
480500,11,24984795.4,24984795.69,131295999.2,98045721.9
480500,25,27244464.15,27244468.97,143170609.1,106913127.9
480500,30,23245835.65,23245839.02,122157709.5,91221687.05
480500,36,26145197.03,26145202.15,137393953.3,102599410.4
480520,2,23591589.46,23591591.86,123974640,92578474.34
480520,7,25114628.33,25114632.77,131978266.8,98555218.26
480520,8,23547739.66,23547742.84,123744207.4,92406385.54
480520,11,24986051.12,24986051.64,131302599.4,98050650.63
480520,25,27253447.51,27253452.45,143217817.7,106948381
480520,30,23240763.05,23240766.29,122131052.8,91201781.09
480520,36,26137343.7,26137348.81,137352684,102568592.4
480540,2,23595181.15,23595183.68,123993515.1,92592569.37
480540,7,25114670.23,25114674.51,131978486.7,98555382.42
480540,8,23557397.11,23557399.94,123794956,92444282.15
480540,11,24987345.58,24987345.74,131309400,98055728.94
480540,25,27262432.88,27262437.8,143265035,106983640.7
480540,30,23235704.95,23235708.2,122104472.1,91181931.93
480540,36,26129516.41,26129521.55,137311551.9,102537876.9
480560,2,23598787.22,23598789.6,124012464.4,92606719.87
480560,7,25114749.15,25114753.49,131978901.4,98555692.08
480560,8,23567075.12,23567077.91,123845814.4,92482260.84
480560,11,24988677.67,24988678.04,131316400.8,98060956.83
480560,25,27271419.73,27271424.7,143312261.1,107018906.9
480560,30,23230661.2,23230664.54,122077967.6,91162139.6
480560,36,26121715.48,26121720.67,137270557.8,102507264.5
480580,2,23602407.28,23602409.59,124031487.8,92620925.65
480580,7,25114865.01,25114869.41,131979510.8,98556147.16
480580,8,23576773.95,23576776.77,123896782.2,92520321.16
480580,11,24990047.7,24990048.35,131323601.8,98066334.22
480580,25,27280408.27,27280413.02,143359495.9,107054179.6
480580,30,23225632.02,23225635.33,122051539.1,91142404
480580,36,26113940.73,26113946.15,137229702,102476755.3
480600,2,23606041.45,23606043.81,124050585.5,92635186.87
480600,7,25115018.14,25115022.48,131980315.3,98556747.9
480600,8,23586493.55,23586496.44,123947859,92558462.95
480600,11,24991456.59,24991456.77,131331003.2,98071861.23
480600,25,27289398.45,27289403.34,143406739.5,107089458.8
480600,30,23220617.38,23220620.66,122025186.8,91122725.39
480600,36,26106192.7,26106197.86,137188985.5,102446350.2